Names,2000,LL,UL,CI,SAMPLE SIZE,TARGET,DIFFERENCE TO PREVIOUS YEAR,2001,LL,UL,CI,SAMPLE SIZE,TARGET,DIFFERENCE TO PREVIOUS YEAR,2002,LL,UL,CI,SAMPLE SIZE,TARGET,DIFFERENCE TO PREVIOUS YEAR,2003,LL,UL,CI,SAMPLE SIZE,TARGET,DIFFERENCE TO PREVIOUS YEAR,2004,LL,UL,CI,SAMPLE SIZE,TARGET,DIFFERENCE TO PREVIOUS YEAR,2005,LL,UL,CI,SAMPLE SIZE,TARGET,DIFFERENCE TO PREVIOUS YEAR,2006,LL,UL,CI,SAMPLE SIZE,TARGET,DIFFERENCE TO PREVIOUS YEAR,2007,LL,UL,CI,SAMPLE SIZE,TARGET,DIFFERENCE TO PREVIOUS YEAR,2008,LL,UL,CI,SAMPLE SIZE,TARGET,DIFFERENCE TO PREVIOUS YEAR,2009,LL,UL,CI,SAMPLE SIZE,TARGET,DIFFERENCE TO PREVIOUS YEAR,2010,LL,UL,CI,SAMPLE SIZE,TARGET,2011,LL,UL,CI,SAMPLE SIZE,TARGET,DIFFERENCE TO PREVIOUS YEAR,2012,LL,UL,CI,SAMPLE SIZE,TARGET,DIFFERENCE TO PREVIOUS YEAR,2013,LL,UL,CI,SAMPLE SIZE,TARGET,2014,LL,UL,CI,SAMPLE SIZE,TARGET,DIFFERENCE TO PREVIOUS YEAR,2015,LL,UL,CI,SAMPLE SIZE,TARGET,DIFFERENCE TO PREVIOUS YEAR,2016,LL,UL,CI,SAMPLE SIZE,TARGET,2017,LL,UL,CI,SAMPLE SIZE,TARGET
Alabama,86.8,81.8,90.5,(±4.3),580,90.0,NaN,94.3,91.4,96.3,(±2.4),592,90.0,NaN,91.6,87.2,94.5,(±3.6),525,90.0,NaN,91.2,86.7,94.3,(±3.7),532,90.0,NaN,91.8,86.0,95.3,(±4.5),515,90.0,NaN,94.1,90.3,96.5,(±3),419,90.0,NaN,94.0,88.5,97.0,(±4),269,90.0,NaN,95.0,91.3,97.1,(±2.8),254,90.0,NaN,93.6,88.6,96.5,(±3.8),339,90.0,NaN,95.4,91.4,97.6,(±2.9),249,90.0,NaN,95.4,92.5,97.2,(±2.3),336,90.0,94.0,90.3,96.3,(±2.9),399,90.0,NaN,93.1,88.7,95.9,(±3.5),265,90.0,NaN,89.7,82.3,94.3,(±5.8),166,90.0,92.0,84.3,96.1,(±5.6),237,90.0,NaN,95.2,90.2,97.7,(±3.5),272,90.0,NaN,91.1,85.0,94.8,(±4.8),249,90.0,92.3,87.5,95.4,(±3.8),295,90.0
AL-Jefferson County,87.4,81.9,91.4,(±4.7),294,90.0,NaN,93.2,88.3,96.2,(±3.8),277,90.0,NaN,91.1,85.8,94.6,(±4.3),258,90.0,NaN,94.1,89.5,96.7,(±3.4),252,90.0,NaN,89.4,82.7,93.7,(±5.4),273,90.0,NaN,92.5,86.3,96.0,(±4.6),208,90.0,NaN,,NaN,NaN,NA,,90.0,NaN,,NaN,NaN,NA,,90.0,NaN,,NaN,NaN,NA,,90.0,NaN,,NaN,NaN,NA,,90.0,NaN,NaN,NaN,NaN,NaN,NaN,NaN,NaN,NaN,NaN,NaN,NaN,NaN,NaN,NaN,NaN,NaN,NaN,NaN,NaN,NaN,NaN,NaN,NaN,NaN,NaN,NaN,NaN,NaN,NaN,NaN,NaN,NaN,NaN,NaN,NaN,NaN,NaN,NaN,NaN,NaN,,NaN,NaN,NA,,90.0,,NaN,NaN,NA,,90.0
AL-Rest of State,86.6,80.8,90.9,(±5),286,90.0,NaN,94.5,91.1,96.7,(±2.7),315,90.0,NaN,91.7,86.5,95.0,(±4.2),267,90.0,NaN,90.7,85.4,94.3,(±4.3),280,90.0,NaN,92.2,85.1,96.1,(±5.2),242,90.0,NaN,94.4,89.8,97.0,(±3.4),211,90.0,NaN,94.0,88.5,97.0,(±4),269,90.0,NaN,95.0,91.3,97.1,(±2.8),254,90.0,NaN,93.6,88.6,96.5,(±3.8),339,90.0,NaN,95.4,91.4,97.6,(±2.9),249,90.0,NaN,NaN,NaN,NaN,NaN,NaN,NaN,NaN,NaN,NaN,NaN,NaN,NaN,NaN,NaN,NaN,NaN,NaN,NaN,NaN,NaN,NaN,NaN,NaN,NaN,NaN,NaN,NaN,NaN,NaN,NaN,NaN,NaN,NaN,NaN,NaN,NaN,NaN,NaN,NaN,NaN,,NaN,NaN,NA,,90.0,,NaN,NaN,NA,,90.0
Alaska,87.9,83.3,91.4,(±4),295,90.0,NaN,87.8,83.1,91.3,(±4.1),292,90.0,NaN,88.7,83.4,92.5,(±4.5),262,90.0,NaN,90.7,86.0,94.0,(±3.9),278,90.0,NaN,89.7,83.8,93.7,(±4.8),299,90.0,NaN,90.8,85.1,94.4,(±4.5),186,90.0,NaN,85.7,79.8,90.1,(±5.1),240,90.0,NaN,89.7,84.8,93.2,(±4.1),222,90.0,NaN,88.4,82.4,92.6,(±5),250,90.0,NaN,85.2,78.4,90.1,(±5.8),192,90.0,NaN,88.4,83.9,91.8,(±3.9),269,90.0,90.8,86.1,94.0,(±3.9),278,90.0,NaN,86.2,80.3,90.5,(±5.1),298,90.0,NaN,90.5,86.2,93.5,(±3.6),299,90.0,90.2,85.0,93.7,(±4.3),276,90.0,NaN,89.7,85.0,93.1,(±4.0),295,90.0,NaN,85.6,80.1,89.8,(±4.8),288,90.0,89.3,84.6,92.7,(±4),251,90.0
Arizona,88.1,84.7,90.7,(±3),595,90.0,NaN,88.8,85.5,91.4,(±2.9),592,90.0,NaN,88.9,85.5,91.7,(±3.1),558,90.0,NaN,91.5,88.5,93.9,(±2.7),612,90.0,NaN,92.9,89.9,95.1,(±2.5),603,90.0,NaN,88.8,84.6,92.0,(±3.6),432,90.0,NaN,87.7,83.7,90.8,(±3.5),518,90.0,NaN,89.0,83.3,92.9,(±4.8),275,90.0,NaN,92.2,86.5,95.6,(±4.4),275,90.0,NaN,90.8,86.5,93.8,(±3.6),317,90.0,NaN,87.7,82.0,91.8,(±4.9),299,90.0,86.7,78.5,92.0,(±6.7),279,90.0,NaN,88.3,82.4,92.3,(±4.9),272,90.0,NaN,91.4,87.0,94.4,(±3.7),254,90.0,84.1,76.7,89.4,(±6.3),292,90.0,NaN,90.6,85.6,94.0,(±4.1),266,90.0,NaN,87.7,80.7,92.3,(±5.7),230,90.0,91.7,87.0,94.8,(±3.9),265,90.0
AZ-Maricopa County,87.1,82.4,90.7,(±4.1),307,90.0,NaN,88.6,84.1,92.0,(±3.9),295,90.0,NaN,91.3,86.4,94.5,(±4),290,90.0,NaN,92.0,87.8,94.8,(±3.4),318,90.0,NaN,91.8,87.5,94.7,(±3.5),325,90.0,NaN,87.6,81.6,91.8,(±5),222,90.0,NaN,87.3,81.8,91.3,(±4.7),294,90.0,NaN,,NaN,NaN,NA,,90.0,NaN,,NaN,NaN,NA,,90.0,NaN,,NaN,NaN,NA,,90.0,NaN,NaN,NaN,NaN,NaN,NaN,NaN,NaN,NaN,NaN,NaN,NaN,NaN,NaN,NaN,NaN,NaN,NaN,NaN,NaN,NaN,NaN,NaN,NaN,NaN,NaN,NaN,NaN,NaN,NaN,NaN,NaN,NaN,NaN,NaN,NaN,NaN,NaN,NaN,NaN,NaN,,NaN,NaN,NA,,90.0,,NaN,NaN,NA,,90.0
AZ-Rest of State,89.7,84.9,93.1,(±4.1),288,90.0,NaN,89.1,84.1,92.6,(±4.2),297,90.0,NaN,84.8,79.3,89.0,(±4.8),268,90.0,NaN,90.7,85.6,94.2,(±4.2),294,90.0,NaN,95.0,90.7,97.3,(±3.1),278,90.0,NaN,91.1,85.6,94.6,(±4.4),210,90.0,NaN,88.5,82.5,92.7,(±5),224,90.0,NaN,89.0,83.3,92.9,(±4.8),275,90.0,NaN,92.2,86.5,95.6,(±4.4),275,90.0,NaN,90.8,86.5,93.8,(±3.6),317,90.0,NaN,NaN,NaN,NaN,NaN,NaN,NaN,NaN,NaN,NaN,NaN,NaN,NaN,NaN,NaN,NaN,NaN,NaN,NaN,NaN,NaN,NaN,NaN,NaN,NaN,NaN,NaN,NaN,NaN,NaN,NaN,NaN,NaN,NaN,NaN,NaN,NaN,NaN,NaN,NaN,NaN,,NaN,NaN,NA,,90.0,,NaN,NaN,NA,,90.0
Arkansas,88.0,82.6,91.9,(±4.6),298,90.0,NaN,89.1,84.2,92.6,(±4.2),392,90.0,NaN,92.8,88.7,95.5,(±3.3),286,90.0,NaN,90.6,84.7,94.4,(±4.7),253,90.0,NaN,94.6,90.6,96.9,(±3),270,90.0,NaN,89.0,80.8,93.9,(±6.4),174,90.0,NaN,85.8,77.5,91.3,(±6.8),207,90.0,NaN,92.5,88.8,95.1,(±3.1),347,90.0,NaN,92.2,87.0,95.4,(±4.1),347,90.0,NaN,81.8,75.0,87.0,(±6),298,90.0,NaN,90.5,85.3,93.9,(±4.2),341,90.0,93.7,89.7,96.2,(±3.2),322,90.0,NaN,92.3,87.2,95.4,(±4.0),274,90.0,NaN,88.3,81.1,93.0,(±5.9),188,90.0,89.1,82.4,93.4,(±5.4),245,90.0,NaN,90.2,84.0,94.2,(±5.0),229,90.0,NaN,92.1,86.5,95.5,(±4.4),229,90.0,92.6,87.7,95.7,(±3.9),258,90.0
California,89.4,85.8,92.2,(±3.1),1241,90.0,NaN,90.8,87.8,93.1,(±2.6),1266,90.0,NaN,90.4,87.1,92.9,(±2.9),1101,90.0,NaN,92.8,89.9,94.9,(±2.5),1074,90.0,NaN,93.1,90.7,95.0,(±2.1),1144,90.0,NaN,91.6,88.6,93.8,(±2.6),816,90.0,NaN,92.8,89.6,95.1,(±2.7),1548,90.0,NaN,94.6,91.7,96.5,(±2.4),1000,90.0,NaN,92.7,89.4,95.1,(±2.8),950,90.0,NaN,89.8,85.4,93.0,(±3.7),386,90.0,NaN,91.4,87.2,94.3,(±3.5),411,90.0,91.0,86.6,94.1,(±3.7),407,90.0,NaN,91.5,86.2,94.9,(±4.3),316,90.0,NaN,90.7,83.9,94.8,(±5.3),283,90.0,90.5,84.7,94.2,(±4.7),300,90.0,NaN,92.8,87.8,95.9,(±3.9),345,90.0,NaN,89.3,82.6,93.7,(±5.4),328,90.0,92.9,86.6,96.4,(±4.7),324,90.0
CA-Alameda County,,NaN,NaN,NA,,90.0,NaN,,NaN,NaN,NA,,90.0,NaN,,NaN,NaN,NA,,90.0,NaN,,NaN,NaN,NA,,90.0,NaN,,NaN,NaN,NA,,90.0,NaN,83.2,74.2,89.5,(±7.6),185,90.0,NaN,,NaN,NaN,NA,,90.0,NaN,91.6,86.0,95.1,(±4.4),298,90.0,NaN,,NaN,NaN,NA,,90.0,NaN,,NaN,NaN,NA,,90.0,NaN,NaN,NaN,NaN,NaN,NaN,NaN,NaN,NaN,NaN,NaN,NaN,NaN,NaN,NaN,NaN,NaN,NaN,NaN,NaN,NaN,NaN,NaN,NaN,NaN,NaN,NaN,NaN,NaN,NaN,NaN,NaN,NaN,NaN,NaN,NaN,NaN,NaN,NaN,NaN,NaN,,NaN,NaN,NA,,90.0,,NaN,NaN,NA,,90.0
CA-Fresno County,,NaN,NaN,NA,,90.0,NaN,,NaN,NaN,NA,,90.0,NaN,,NaN,NaN,NA,,90.0,NaN,,NaN,NaN,NA,,90.0,NaN,,NaN,NaN,NA,,90.0,NaN,,NaN,NaN,NA,,90.0,NaN,92.5,88.1,95.3,(±3.5),271,90.0,NaN,,NaN,NaN,NA,,90.0,NaN,,NaN,NaN,NA,,90.0,NaN,,NaN,NaN,NA,,90.0,NaN,NaN,NaN,NaN,NaN,NaN,NaN,NaN,NaN,NaN,NaN,NaN,NaN,NaN,NaN,NaN,NaN,NaN,NaN,NaN,NaN,NaN,NaN,NaN,NaN,NaN,NaN,NaN,NaN,NaN,NaN,NaN,NaN,NaN,NaN,NaN,NaN,NaN,NaN,NaN,NaN,,NaN,NaN,NA,,90.0,,NaN,NaN,NA,,90.0
CA-Los Angeles County,92.1,87.6,95.1,(±3.7),332,90.0,NaN,90.3,84.5,94.0,(±4.7),329,90.0,NaN,91.1,86.2,94.4,(±4),276,90.0,NaN,95.8,92.5,97.7,(±2.5),256,90.0,NaN,94.1,90.4,96.5,(±2.9),299,90.0,NaN,93.8,89.8,96.3,(±3.2),216,90.0,NaN,92.0,87.2,95.1,(±3.9),267,90.0,NaN,95.8,92.0,97.9,(±2.8),236,90.0,NaN,91.1,86.7,94.1,(±3.6),291,90.0,NaN,88.9,82.2,93.2,(±5.4),194,90.0,NaN,93.0,89.2,95.6,(±3.1),232,90.0,,NaN,NaN,NA,,90.0,NaN,,NaN,NaN,NA,,90.0,NaN,NaN,NaN,NaN,NaN,NaN,NaN,NaN,NaN,NaN,NaN,NaN,NaN,NaN,NaN,NaN,NaN,NaN,NaN,NaN,NaN,,NaN,NaN,NA,,90.0,,NaN,NaN,NA,,90.0
CA-Northern CA Counties,,NaN,NaN,NA,,90.0,NaN,,NaN,NaN,NA,,90.0,NaN,,NaN,NaN,NA,,90.0,NaN,,NaN,NaN,NA,,90.0,NaN,,NaN,NaN,NA,,90.0,NaN,,NaN,NaN,NA,,90.0,NaN,89.3,84.4,92.8,(±4.1),265,90.0,NaN,,NaN,NaN,NA,,90.0,NaN,87.7,82.3,91.6,(±4.6),231,90.0,NaN,,NaN,NaN,NA,,90.0,NaN,NaN,NaN,NaN,NaN,NaN,NaN,NaN,NaN,NaN,NaN,NaN,NaN,NaN,NaN,NaN,NaN,NaN,NaN,NaN,NaN,NaN,NaN,NaN,NaN,NaN,NaN,NaN,NaN,NaN,NaN,NaN,NaN,NaN,NaN,NaN,NaN,NaN,NaN,NaN,NaN,,NaN,NaN,NA,,90.0,,NaN,NaN,NA,,90.0
CA-San Bernardino County,,NaN,NaN,NA,,90.0,NaN,,NaN,NaN,NA,,90.0,NaN,,NaN,NaN,NA,,90.0,NaN,,NaN,NaN,NA,,90.0,NaN,,NaN,NaN,NA,,90.0,NaN,85.2,78.4,90.2,(±5.9),174,90.0,NaN,,NaN,NaN,NA,,90.0,NaN,90.3,85.1,93.9,(±4.3),271,90.0,NaN,,NaN,NaN,NA,,90.0,NaN,,NaN,NaN,NA,,90.0,NaN,NaN,NaN,NaN,NaN,NaN,NaN,NaN,NaN,NaN,NaN,NaN,NaN,NaN,NaN,NaN,NaN,NaN,NaN,NaN,NaN,NaN,NaN,NaN,NaN,NaN,NaN,NaN,NaN,NaN,NaN,NaN,NaN,NaN,NaN,NaN,NaN,NaN,NaN,NaN,NaN,,NaN,NaN,NA,,90.0,,NaN,NaN,NA,,90.0
CA-San Diego County,93.2,89.4,95.7,(±3),335,90.0,NaN,94.3,91.3,96.3,(±2.4),356,90.0,NaN,90.1,85.1,93.6,(±4.2),258,90.0,NaN,93.2,88.4,96.1,(±3.7),250,90.0,NaN,89.5,84.0,93.3,(±4.5),323,90.0,NaN,,NaN,NaN,NA,,90.0,NaN,91.4,86.4,94.7,(±4),277,90.0,NaN,,NaN,NaN,NA,,90.0,NaN,,NaN,NaN,NA,,90.0,NaN,,NaN,NaN,NA,,90.0,NaN,NaN,NaN,NaN,NaN,NaN,NaN,NaN,NaN,NaN,NaN,NaN,NaN,NaN,NaN,NaN,NaN,NaN,NaN,NaN,NaN,NaN,NaN,NaN,NaN,NaN,NaN,NaN,NaN,NaN,NaN,NaN,NaN,NaN,NaN,NaN,NaN,NaN,NaN,NaN,NaN,,NaN,NaN,NA,,90.0,,NaN,NaN,NA,,90.0
CA-Santa Clara County,91.0,86.5,94.1,(±3.7),268,90.0,NaN,92.0,88.2,94.7,(±3.2),287,90.0,NaN,93.0,89.0,95.6,(±3.2),285,90.0,NaN,93.2,88.3,96.1,(±3.8),266,90.0,NaN,92.5,87.2,95.7,(±4.1),257,90.0,NaN,,NaN,NaN,NA,,90.0,NaN,94.6,90.9,96.8,(±2.9),218,90.0,NaN,,NaN,NaN,NA,,90.0,NaN,93.7,89.5,96.3,(±3.3),208,90.0,NaN,,NaN,NaN,NA,,90.0,NaN,NaN,NaN,NaN,NaN,NaN,NaN,NaN,NaN,NaN,NaN,NaN,NaN,NaN,NaN,NaN,NaN,NaN,NaN,NaN,NaN,NaN,NaN,NaN,NaN,NaN,NaN,NaN,NaN,NaN,NaN,NaN,NaN,NaN,NaN,NaN,NaN,NaN,NaN,NaN,NaN,,NaN,NaN,NA,,90.0,,NaN,NaN,NA,,90.0
CA-Rest of State,87.2,81.1,91.6,(±5.2),306,90.0,NaN,90.4,85.8,93.6,(±3.9),294,90.0,NaN,89.8,84.3,93.5,(±4.6),282,90.0,NaN,91.2,86.1,94.5,(±4.1),302,90.0,NaN,93.2,89.1,95.9,(±3.3),265,90.0,NaN,91.7,87.0,94.8,(±3.8),241,90.0,NaN,93.4,87.3,96.7,(±4.5),250,90.0,NaN,94.7,89.8,97.3,(±3.5),195,90.0,NaN,93.5,88.2,96.5,(±3.9),220,90.0,NaN,90.1,84.3,93.9,(±4.7),192,90.0,NaN,90.8,85.0,94.4,(±4.6),179,90.0,91.0,86.6,94.1,(±3.7),407,90.0,NaN,91.5,86.2,94.9,(±4.3),316,90.0,NaN,NaN,NaN,NaN,NaN,NaN,NaN,NaN,NaN,NaN,NaN,NaN,NaN,NaN,NaN,NaN,NaN,NaN,NaN,NaN,NaN,,NaN,NaN,NA,,90.0,,NaN,NaN,NA,,90.0
Colorado,86.4,81.8,90.1,(±4.1),342,90.0,NaN,91.3,87.7,93.9,(±3.1),372,90.0,NaN,90.7,85.9,94.0,(±4),255,90.0,NaN,85.6,79.7,90.0,(±5.1),281,90.0,NaN,90.8,86.2,94.0,(±3.8),298,90.0,NaN,93.2,89.8,95.5,(±2.8),394,90.0,NaN,88.3,80.9,93.0,(±6),219,90.0,NaN,91.2,85.6,94.8,(±4.5),212,90.0,NaN,92.3,84.9,96.2,(±5.4),305,90.0,NaN,83.6,75.5,89.5,(±7),337,90.0,NaN,89.3,85.0,92.5,(±3.7),353,90.0,88.4,81.8,92.8,(±5.4),403,90.0,NaN,91.5,85.7,95.0,(±4.5),266,90.0,NaN,86.0,79.6,90.6,(±5.5),267,90.0,87.4,81.0,91.9,(±5.4),320,90.0,NaN,93.6,88.9,96.4,(±3.6),246,90.0,NaN,88.9,82.6,93.1,(±5.2),238,90.0,87.2,81.5,91.3,(±4.8),264,90.0
CO-Denver,,NaN,NaN,NA,,90.0,NaN,,NaN,NaN,NA,,90.0,NaN,,NaN,NaN,NA,,90.0,NaN,,NaN,NaN,NA,,90.0,NaN,,NaN,NaN,NA,,90.0,NaN,91.6,84.9,95.5,(±5.1),198,90.0,NaN,,NaN,NaN,NA,,90.0,NaN,,NaN,NaN,NA,,90.0,NaN,,NaN,NaN,NA,,90.0,NaN,,NaN,NaN,NA,,90.0,NaN,NaN,NaN,NaN,NaN,NaN,NaN,NaN,NaN,NaN,NaN,NaN,NaN,NaN,NaN,NaN,NaN,NaN,NaN,NaN,NaN,NaN,NaN,NaN,NaN,NaN,NaN,NaN,NaN,NaN,NaN,NaN,NaN,NaN,NaN,NaN,NaN,NaN,NaN,NaN,NaN,,NaN,NaN,NA,,90.0,,NaN,NaN,NA,,90.0
CO-Rest of State,86.4,81.8,90.1,(±4.1),342,90.0,NaN,91.3,87.7,93.9,(±3.1),372,90.0,NaN,90.7,85.9,94.0,(±4),255,90.0,NaN,85.6,79.7,90.0,(±5.1),281,90.0,NaN,90.8,86.2,94.0,(±3.8),298,90.0,NaN,94.4,90.8,96.7,(±2.9),196,90.0,NaN,88.3,80.9,93.0,(±6),219,90.0,NaN,91.2,85.6,94.8,(±4.5),212,90.0,NaN,92.3,84.9,96.2,(±5.4),305,90.0,NaN,83.6,75.5,89.5,(±7),337,90.0,NaN,NaN,NaN,NaN,NaN,NaN,NaN,NaN,NaN,NaN,NaN,NaN,NaN,NaN,NaN,NaN,NaN,NaN,NaN,NaN,NaN,NaN,NaN,NaN,NaN,NaN,NaN,NaN,NaN,NaN,NaN,NaN,NaN,NaN,NaN,NaN,NaN,NaN,NaN,NaN,NaN,,NaN,NaN,NA,,90.0,,NaN,NaN,NA,,90.0
Connecticut,96.1,93.0,97.9,(±2.3),280,90.0,NaN,93.8,89.8,96.3,(±3.2),286,90.0,NaN,95.3,91.7,97.4,(±2.7),289,90.0,NaN,98.4,96.2,99.4,(±1.4),279,90.0,NaN,95.0,89.7,97.7,(±3.7),237,90.0,NaN,95.2,91.0,97.5,(±3.1),212,90.0,NaN,96.5,93.9,98.0,(±2),274,90.0,NaN,95.3,91.5,97.4,(±2.8),252,90.0,NaN,95.3,91.1,97.6,(±3.1),227,90.0,NaN,93.7,89.4,96.3,(±3.3),229,90.0,NaN,97.8,95.7,98.9,(±1.5),247,90.0,95.0,91.6,97.1,(±2.6),386,90.0,NaN,94.8,91.0,97.0,(±2.9),281,90.0,NaN,91.4,84.2,95.5,(±5.4),213,90.0,93.2,86.9,96.6,(±4.6),237,90.0,NaN,97.5,93.5,99.0,(±2.4),250,90.0,NaN,94.5,89.8,97.1,(±3.5),267,90.0,94.6,89.8,97.3,(±3.5),266,90.0
Delaware,90.1,85.6,93.3,(±3.8),301,90.0,NaN,93.4,89.3,96.0,(±3.3),281,90.0,NaN,95.2,91.7,97.3,(±2.7),297,90.0,NaN,93.0,87.4,96.2,(±4.2),291,90.0,NaN,94.5,89.1,97.3,(±3.9),317,90.0,NaN,95.2,89.9,97.7,(±3.6),171,90.0,NaN,96.4,92.7,98.3,(±2.6),235,90.0,NaN,94.8,90.3,97.3,(±3.3),284,90.0,NaN,93.1,87.0,96.4,(±4.5),290,90.0,NaN,90.2,85.2,93.7,(±4.2),251,90.0,NaN,94.0,90.3,96.4,(±3.0),347,90.0,90.6,84.1,94.6,(±5.1),326,90.0,NaN,94.4,89.9,97.0,(±3.4),266,90.0,NaN,94.8,90.1,97.3,(±3.4),242,90.0,90.8,84.7,94.7,(±4.8),258,90.0,NaN,97.2,93.1,98.9,(±2.6),232,90.0,NaN,93.8,89.4,96.5,(±3.4),222,90.0,92.9,88.0,95.8,(±3.8),232,90.0
District of Columbia,85.1,78.1,90.1,(±6),292,90.0,NaN,92.6,88.5,95.3,(±3.3),312,90.0,NaN,91.2,85.0,95.0,(±4.9),259,90.0,NaN,92.8,87.5,95.9,(±4.1),266,90.0,NaN,94.6,90.3,97.0,(±3.2),326,90.0,NaN,91.6,86.7,94.8,(±4),296,90.0,NaN,92.2,88.0,95.0,(±3.4),311,90.0,NaN,95.2,90.7,97.6,(±3.3),301,90.0,NaN,89.7,84.4,93.3,(±4.4),269,90.0,NaN,91.2,85.6,94.8,(±4.5),355,90.0,NaN,94.7,89.6,97.4,(±3.7),260,90.0,93.5,89.8,96.0,(±3.0),369,90.0,NaN,93.0,88.3,96.0,(±3.7),320,90.0,NaN,96.2,91.5,98.3,(±3.1),223,90.0,90.9,84.7,94.7,(±4.8),280,90.0,NaN,92.4,87.6,95.5,(±3.8),321,90.0,NaN,93.7,88.9,96.5,(±3.7),309,90.0,94.1,88.0,97.2,(±4.3),269,90.0
Florida,89.0,85.3,91.9,(±3.3),807,90.0,NaN,91.1,87.1,93.9,(±3.3),812,90.0,NaN,91.1,87.4,93.8,(±3.2),848,90.0,NaN,95.2,92.3,97.1,(±2.3),829,90.0,NaN,95.4,92.9,97.0,(±2),823,90.0,NaN,92.0,87.0,95.2,(±4),526,90.0,NaN,91.2,87.3,94.0,(±3.3),921,90.0,NaN,92.3,87.0,95.6,(±4.1),521,90.0,NaN,91.7,87.5,94.6,(±3.5),756,90.0,NaN,91.2,86.6,94.4,(±3.8),326,90.0,NaN,94.1,90.2,96.5,(±3.0),276,90.0,90.8,85.8,94.1,(±4.1),346,90.0,NaN,91.0,84.8,94.8,(±4.8),276,90.0,NaN,93.4,88.1,96.4,(±4.0),228,90.0,91.2,85.1,95.0,(±4.8),227,90.0,NaN,90.4,84.1,94.4,(±5.0),273,90.0,NaN,91.1,85.7,94.6,(±4.3),273,90.0,91.9,86.4,95.3,(±4.3),314,90.0
FL-Duval County,92.6,87.2,95.8,(±4.1),285,90.0,NaN,92.6,88.3,95.3,(±3.4),282,90.0,NaN,92.1,84.9,96.0,(±5.3),287,90.0,NaN,95.5,91.1,97.7,(±3.1),278,90.0,NaN,87.7,79.9,92.7,(±6.2),256,90.0,NaN,90.1,84.8,93.7,(±4.4),285,90.0,NaN,90.8,86.1,94.1,(±3.9),345,90.0,NaN,,NaN,NaN,NA,,90.0,NaN,,NaN,NaN,NA,,90.0,NaN,,NaN,NaN,NA,,90.0,NaN,NaN,NaN,NaN,NaN,NaN,NaN,NaN,NaN,NaN,NaN,NaN,NaN,NaN,NaN,NaN,NaN,NaN,NaN,NaN,NaN,NaN,NaN,NaN,NaN,NaN,NaN,NaN,NaN,NaN,NaN,NaN,NaN,NaN,NaN,NaN,NaN,NaN,NaN,NaN,NaN,,NaN,NaN,NA,,90.0,,NaN,NaN,NA,,90.0
FL-Miami-Dade County,92.1,87.4,95.2,(±3.8),234,90.0,NaN,95.0,91.3,97.1,(±2.8),234,90.0,NaN,90.7,85.9,94.0,(±4),278,90.0,NaN,94.9,91.4,97.0,(±2.7),276,90.0,NaN,93.9,89.5,96.6,(±3.4),268,90.0,NaN,,NaN,NaN,NA,,90.0,NaN,94.3,90.3,96.7,(±3.1),285,90.0,NaN,95.4,91.2,97.6,(±3),268,90.0,NaN,88.6,82.4,92.8,(±5.1),264,90.0,NaN,,NaN,NaN,NA,,90.0,NaN,NaN,NaN,NaN,NaN,NaN,NaN,NaN,NaN,NaN,NaN,NaN,NaN,NaN,NaN,NaN,NaN,NaN,NaN,NaN,NaN,NaN,NaN,NaN,NaN,NaN,NaN,NaN,NaN,NaN,NaN,NaN,NaN,NaN,NaN,NaN,NaN,NaN,NaN,NaN,NaN,,NaN,NaN,NA,,90.0,,NaN,NaN,NA,,90.0
FL-Orange County,,NaN,NaN,NA,,90.0,NaN,,NaN,NaN,NA,,90.0,NaN,,NaN,NaN,NA,,90.0,NaN,,NaN,NaN,NA,,90.0,NaN,,NaN,NaN,NA,,90.0,NaN,,NaN,NaN,NA,,90.0,NaN,,NaN,NaN,NA,,90.0,NaN,,NaN,NaN,NA,,90.0,NaN,91.2,85.4,94.8,(±4.6),255,90.0,NaN,,NaN,NaN,NA,,90.0,NaN,NaN,NaN,NaN,NaN,NaN,NaN,NaN,NaN,NaN,NaN,NaN,NaN,NaN,NaN,NaN,NaN,NaN,NaN,NaN,NaN,NaN,NaN,NaN,NaN,NaN,NaN,NaN,NaN,NaN,NaN,NaN,NaN,NaN,NaN,NaN,NaN,NaN,NaN,NaN,NaN,,NaN,NaN,NA,,90.0,,NaN,NaN,NA,,90.0
FL-Rest of State,88.1,83.3,91.6,(±4.1),288,90.0,NaN,90.1,85.0,93.6,(±4.2),296,90.0,NaN,91.1,86.3,94.4,(±4),283,90.0,NaN,95.3,91.3,97.5,(±3),275,90.0,NaN,96.3,92.9,98.1,(±2.4),299,90.0,NaN,92.2,86.7,95.5,(±4.3),241,90.0,NaN,90.6,85.6,94.0,(±4.1),291,90.0,NaN,91.8,85.5,95.5,(±4.8),253,90.0,NaN,92.3,86.7,95.7,(±4.3),237,90.0,NaN,91.2,86.6,94.4,(±3.8),326,90.0,NaN,NaN,NaN,NaN,NaN,NaN,NaN,NaN,NaN,NaN,NaN,NaN,NaN,NaN,NaN,NaN,NaN,NaN,NaN,NaN,NaN,NaN,NaN,NaN,NaN,NaN,NaN,NaN,NaN,NaN,NaN,NaN,NaN,NaN,NaN,NaN,NaN,NaN,NaN,NaN,NaN,,NaN,NaN,NA,,90.0,,NaN,NaN,NA,,90.0
Georgia,90.9,86.6,93.9,(±3.6),562,90.0,NaN,91.0,87.4,93.6,(±3.1),598,90.0,NaN,93.0,89.4,95.5,(±3),594,90.0,NaN,90.7,86.6,93.6,(±3.5),565,90.0,NaN,91.9,86.4,95.3,(±4.3),549,90.0,NaN,92.9,88.4,95.7,(±3.6),503,90.0,NaN,91.0,86.6,94.1,(±3.7),568,90.0,NaN,91.4,86.2,94.7,(±4.2),313,90.0,NaN,92.7,88.1,95.6,(±3.7),299,90.0,NaN,91.3,86.1,94.7,(±4.2),297,90.0,NaN,91.5,86.6,94.7,(±4.0),306,90.0,94.1,90.6,96.3,(±2.8),359,90.0,NaN,91.9,86.5,95.2,(±4.2),284,90.0,NaN,93.9,88.2,96.9,(±4.1),178,90.0,94.2,88.9,97.1,(±3.9),270,90.0,NaN,90.5,84.6,94.3,(±4.7),286,90.0,NaN,93.2,89.3,95.8,(±3.2),274,90.0,90.7,85.2,94.3,(±4.5),299,90.0
GA-Fulton/DeKalb Counties,93.9,90.5,96.2,(±2.7),281,90.0,NaN,90.3,84.9,93.9,(±4.4),317,90.0,NaN,94.4,90.6,96.8,(±3),289,90.0,NaN,95.7,92.8,97.5,(±2.3),311,90.0,NaN,93.7,88.9,96.5,(±3.7),290,90.0,NaN,91.1,82.7,95.6,(±6.1),228,90.0,NaN,93.6,87.8,96.7,(±4.2),266,90.0,NaN,,NaN,NaN,NA,,90.0,NaN,,NaN,NaN,NA,,90.0,NaN,,NaN,NaN,NA,,90.0,NaN,NaN,NaN,NaN,NaN,NaN,NaN,NaN,NaN,NaN,NaN,NaN,NaN,NaN,NaN,NaN,NaN,NaN,NaN,NaN,NaN,NaN,NaN,NaN,NaN,NaN,NaN,NaN,NaN,NaN,NaN,NaN,NaN,NaN,NaN,NaN,NaN,NaN,NaN,NaN,NaN,,NaN,NaN,NA,,90.0,,NaN,NaN,NA,,90.0
GA-Rest of State,90.2,84.8,93.8,(±4.4),281,90.0,NaN,91.1,86.7,94.1,(±3.6),281,90.0,NaN,92.7,88.2,95.6,(±3.6),305,90.0,NaN,89.5,84.4,93.1,(±4.2),254,90.0,NaN,91.5,84.7,95.4,(±5.2),259,90.0,NaN,93.3,87.7,96.4,(±4.1),275,90.0,NaN,90.4,85.1,94.0,(±4.4),302,90.0,NaN,91.4,86.2,94.7,(±4.2),313,90.0,NaN,92.7,88.1,95.6,(±3.7),299,90.0,NaN,91.3,86.1,94.7,(±4.2),297,90.0,NaN,NaN,NaN,NaN,NaN,NaN,NaN,NaN,NaN,NaN,NaN,NaN,NaN,NaN,NaN,NaN,NaN,NaN,NaN,NaN,NaN,NaN,NaN,NaN,NaN,NaN,NaN,NaN,NaN,NaN,NaN,NaN,NaN,NaN,NaN,NaN,NaN,NaN,NaN,NaN,NaN,,NaN,NaN,NA,,90.0,,NaN,NaN,NA,,90.0
Hawaii,93.7,89.4,96.3,(±3.4),277,90.0,NaN,90.8,86.7,93.7,(±3.5),279,90.0,NaN,96.4,92.9,98.2,(±2.5),292,90.0,NaN,93.6,89.5,96.1,(±3.2),293,90.0,NaN,94.7,90.9,97.0,(±2.9),322,90.0,NaN,89.7,83.9,93.6,(±4.8),195,90.0,NaN,89.9,84.2,93.7,(±4.6),230,90.0,NaN,93.8,88.9,96.6,(±3.7),214,90.0,NaN,94.8,91.0,97.0,(±2.9),238,90.0,NaN,86.7,80.5,91.1,(±5.3),221,90.0,NaN,93.2,89.0,95.9,(±3.3),323,90.0,94.2,89.6,96.8,(±3.5),296,90.0,NaN,95.0,91.6,97.1,(±2.7),266,90.0,NaN,92.8,87.9,95.8,(±3.8),243,90.0,92.5,87.8,95.5,(±3.7),250,90.0,NaN,94.7,90.3,97.1,(±3.3),261,90.0,NaN,91.8,87.4,94.8,(±3.6),266,90.0,90.5,85.3,94.0,(±4.3),236,90.0
Idaho,87.5,83.0,90.9,(±3.9),329,90.0,NaN,87.1,82.0,90.9,(±4.4),329,90.0,NaN,86.9,81.5,90.9,(±4.6),297,90.0,NaN,92.9,88.1,95.8,(±3.7),253,90.0,NaN,91.7,86.9,94.8,(±3.9),293,90.0,NaN,86.5,80.7,90.8,(±5),227,90.0,NaN,88.0,82.2,92.0,(±4.8),222,90.0,NaN,86.1,80.1,90.5,(±5.2),183,90.0,NaN,86.1,79.9,90.7,(±5.4),282,90.0,NaN,88.1,82.5,92.1,(±4.8),207,90.0,NaN,87.2,81.4,91.4,(±5.0),271,90.0,89.5,83.7,93.4,(±4.8),282,90.0,NaN,93.3,88.6,96.1,(±3.6),289,90.0,NaN,91.1,85.8,94.5,(±4.3),233,90.0,89.7,83.4,93.9,(±5.1),235,90.0,NaN,91.2,86.3,94.5,(±4.0),209,90.0,NaN,88.6,82.6,92.7,(±4.9),225,90.0,92.2,86.5,95.7,(±4.4),198,90.0
Illinois,91.4,88.2,93.7,(±2.7),617,90.0,NaN,89.3,86.0,91.9,(±3),605,90.0,NaN,94.4,91.8,96.2,(±2.2),562,90.0,NaN,93.6,90.2,95.9,(±2.8),538,90.0,NaN,95.0,92.0,96.9,(±2.4),574,90.0,NaN,93.0,89.4,95.5,(±3),434,90.0,NaN,89.2,83.0,93.3,(±5.1),540,90.0,NaN,93.1,89.9,95.4,(±2.7),598,90.0,NaN,91.0,87.9,93.4,(±2.7),969,90.0,NaN,88.2,83.7,91.6,(±3.9),631,90.0,NaN,90.5,86.7,93.3,(±3.2),657,90.0,90.8,86.9,93.6,(±3.3),762,90.0,NaN,91.6,88.5,93.9,(±2.7),571,90.0,NaN,91.4,87.7,94.1,(±3.1),495,90.0,93.2,89.7,95.5,(±2.8),583,90.0,NaN,91.6,88.3,94.0,(±2.8),559,90.0,NaN,94.4,91.2,96.4,(±2.6),494,90.0,91.9,88.4,94.4,(±2.9),473,90.0
IL-City of Chicago,85.5,78.9,90.4,(±5.7),312,90.0,NaN,87.9,83.1,91.5,(±4.2),301,90.0,NaN,90.8,85.1,94.4,(±4.5),280,90.0,NaN,91.3,82.9,95.8,(±6.2),277,90.0,NaN,93.4,87.7,96.6,(±4.2),275,90.0,NaN,87.8,81.6,92.1,(±5.2),275,90.0,NaN,88.5,82.8,92.4,(±4.7),316,90.0,NaN,89.5,83.9,93.3,(±4.7),295,90.0,NaN,89.0,84.7,92.2,(±3.7),318,90.0,NaN,90.4,85.5,93.7,(±4),320,90.0,NaN,88.8,84.5,92.1,(±3.8),352,90.0,90.6,85.0,94.3,(±4.5),411,90.0,NaN,86.8,79.4,91.8,(±6.1),228,90.0,NaN,90.0,83.5,94.2,(±5.2),168,90.0,90.5,84.6,94.3,(±4.7),277,90.0,NaN,90.5,84.6,94.3,(±4.7),188,90.0,NaN,93.7,83.2,97.8,(±6.5),131,90.0,94.0,83.8,97.9,(±6.2),137,90.0
IL-Madison/St. Clair Counties,,NaN,NaN,NA,,90.0,NaN,,NaN,NaN,NA,,90.0,NaN,,NaN,NaN,NA,,90.0,NaN,,NaN,NaN,NA,,90.0,NaN,,NaN,NaN,NA,,90.0,NaN,,NaN,NaN,NA,,90.0,NaN,,NaN,NaN,NA,,90.0,NaN,,NaN,NaN,NA,,90.0,NaN,90.5,85.7,93.8,(±4),316,90.0,NaN,,NaN,NaN,NA,,90.0,NaN,NaN,NaN,NaN,NaN,NaN,NaN,NaN,NaN,NaN,NaN,NaN,NaN,NaN,NaN,NaN,NaN,NaN,NaN,NaN,NaN,NaN,NaN,NaN,NaN,NaN,NaN,NaN,NaN,NaN,NaN,NaN,NaN,NaN,NaN,NaN,NaN,NaN,NaN,NaN,NaN,,NaN,NaN,NA,,90.0,,NaN,NaN,NA,,90.0
IL-Rest of State,93.7,89.9,96.1,(±3),305,90.0,NaN,89.9,85.4,93.1,(±3.8),304,90.0,NaN,95.8,92.6,97.7,(±2.4),282,90.0,NaN,94.5,90.6,96.8,(±3),261,90.0,NaN,95.5,91.6,97.7,(±2.9),299,90.0,NaN,94.9,89.9,97.5,(±3.6),159,90.0,NaN,89.4,80.7,94.5,(±6.7),224,90.0,NaN,94.4,90.1,96.8,(±3.2),303,90.0,NaN,91.7,87.3,94.7,(±3.6),335,90.0,NaN,87.5,81.5,91.8,(±5.1),311,90.0,NaN,91.1,86.0,94.5,(±4.2),305,90.0,90.8,85.7,94.2,(±4.2),351,90.0,NaN,93.2,89.7,95.6,(±2.9),343,90.0,NaN,91.9,87.1,95.0,(±3.8),327,90.0,94.1,89.5,96.7,(±3.5),306,90.0,NaN,91.9,87.9,94.7,(±3.4),371,90.0,NaN,94.6,91.3,96.7,(±2.6),363,90.0,91.2,87.2,94.0,(±3.3),336,90.0
Indiana,86.4,81.7,90.0,(±4.1),522,90.0,NaN,91.3,87.8,93.8,(±2.9),562,90.0,NaN,91.1,87.3,93.8,(±3.2),587,90.0,NaN,92.5,87.0,95.8,(±4.2),534,90.0,NaN,91.5,86.8,94.7,(±3.9),514,90.0,NaN,91.2,83.7,95.5,(±5.6),212,90.0,NaN,89.6,84.4,93.1,(±4.3),521,90.0,NaN,90.4,86.6,93.3,(±3.3),698,90.0,NaN,88.0,82.3,92.1,(±4.8),301,90.0,NaN,86.6,81.2,90.6,(±4.6),708,90.0,NaN,92.3,88.0,95.1,(±3.5),322,90.0,90.6,86.0,93.8,(±3.9),382,90.0,NaN,90.0,84.5,93.7,(±4.5),252,90.0,NaN,92.0,87.5,95.0,(±3.6),243,90.0,91.5,85.8,95.1,(±4.5),309,90.0,NaN,92.0,86.4,95.4,(±4.4),231,90.0,NaN,93.0,88.8,95.7,(±3.4),239,90.0,87.0,80.8,91.4,(±5.2),256,90.0
IN-Lake County,,NaN,NaN,NA,,90.0,NaN,,NaN,NaN,NA,,90.0,NaN,,NaN,NaN,NA,,90.0,NaN,,NaN,NaN,NA,,90.0,NaN,,NaN,NaN,NA,,90.0,NaN,,NaN,NaN,NA,,90.0,NaN,,NaN,NaN,NA,,90.0,NaN,,NaN,NaN,NA,,90.0,NaN,,NaN,NaN,NA,,90.0,NaN,82.7,75.3,88.2,(±6.4),237,90.0,NaN,NaN,NaN,NaN,NaN,NaN,NaN,NaN,NaN,NaN,NaN,NaN,NaN,NaN,NaN,NaN,NaN,NaN,NaN,NaN,NaN,NaN,NaN,NaN,NaN,NaN,NaN,NaN,NaN,NaN,NaN,NaN,NaN,NaN,NaN,NaN,NaN,NaN,NaN,NaN,NaN,,NaN,NaN,NA,,90.0,,NaN,NaN,NA,,90.0
IN-Marion County,83.9,76.5,89.3,(±6.3),226,90.0,NaN,90.4,84.7,94.2,(±4.6),248,90.0,NaN,90.7,84.7,94.5,(±4.8),296,90.0,NaN,93.4,89.6,95.9,(±3.1),289,90.0,NaN,91.3,85.2,95.1,(±4.8),245,90.0,NaN,,NaN,NaN,NA,,90.0,NaN,90.1,85.1,93.6,(±4.2),275,90.0,NaN,87.5,82.2,91.4,(±4.6),349,90.0,NaN,,NaN,NaN,NA,,90.0,NaN,87.4,81.4,91.6,(±5),252,90.0,NaN,NaN,NaN,NaN,NaN,NaN,NaN,NaN,NaN,NaN,NaN,NaN,NaN,NaN,NaN,NaN,NaN,NaN,NaN,NaN,NaN,NaN,NaN,NaN,NaN,NaN,NaN,NaN,NaN,NaN,NaN,NaN,NaN,NaN,NaN,NaN,NaN,NaN,NaN,NaN,NaN,,NaN,NaN,NA,,90.0,,NaN,NaN,NA,,90.0
IN-Rest of State,86.9,81.3,91.0,(±4.8),296,90.0,NaN,91.4,87.4,94.2,(±3.4),314,90.0,NaN,91.1,86.7,94.2,(±3.7),291,90.0,NaN,92.4,85.5,96.1,(±5.1),245,90.0,NaN,91.6,85.7,95.1,(±4.6),269,90.0,NaN,91.2,83.7,95.5,(±5.6),212,90.0,NaN,89.4,83.1,93.6,(±5.1),246,90.0,NaN,91.0,86.3,94.2,(±3.9),349,90.0,NaN,88.0,82.3,92.1,(±4.8),301,90.0,NaN,86.8,79.5,91.8,(±6.1),219,90.0,NaN,NaN,NaN,NaN,NaN,NaN,NaN,NaN,NaN,NaN,NaN,NaN,NaN,NaN,NaN,NaN,NaN,NaN,NaN,NaN,NaN,NaN,NaN,NaN,NaN,NaN,NaN,NaN,NaN,NaN,NaN,NaN,NaN,NaN,NaN,NaN,NaN,NaN,NaN,NaN,NaN,,NaN,NaN,NA,,90.0,,NaN,NaN,NA,,90.0
Iowa,91.8,87.3,94.8,(±3.7),282,90.0,NaN,89.5,85.2,92.6,(±3.7),294,90.0,NaN,92.3,88.0,95.2,(±3.5),283,90.0,NaN,91.1,86.6,94.2,(±3.7),264,90.0,NaN,92.9,85.2,96.8,(±5.4),263,90.0,NaN,91.7,86.3,95.0,(±4.2),206,90.0,NaN,90.3,84.4,94.2,(±4.8),226,90.0,NaN,93.0,88.1,96.0,(±3.8),266,90.0,NaN,91.4,85.9,94.9,(±4.4),262,90.0,NaN,93.2,88.2,96.1,(±3.8),266,90.0,NaN,93.8,88.8,96.6,(±3.7),252,90.0,86.7,80.0,91.4,(±5.7),313,90.0,NaN,93.3,89.0,96.0,(±3.4),304,90.0,NaN,94.5,89.1,97.3,(±3.9),214,90.0,91.1,84.4,95.1,(±5.2),197,90.0,NaN,95.5,92.3,97.4,(±2.4),279,90.0,NaN,96.2,93.2,97.9,(±2.2),298,90.0,91.5,86.0,95.0,(±4.4),226,90.0
Kansas,84.7,79.1,89.0,(±4.9),285,90.0,NaN,91.8,86.5,95.1,(±4.2),271,90.0,NaN,93.9,90.4,96.1,(±2.8),291,90.0,NaN,89.4,83.9,93.2,(±4.6),248,90.0,NaN,92.3,86.7,95.6,(±4.3),260,90.0,NaN,92.7,88.5,95.5,(±3.4),255,90.0,NaN,92.7,88.8,95.3,(±3.2),548,90.0,NaN,93.1,88.6,95.9,(±3.5),242,90.0,NaN,91.9,87.5,94.9,(±3.6),303,90.0,NaN,92.5,86.4,96.0,(±4.6),218,90.0,NaN,90.0,84.4,93.8,(±4.6),270,90.0,91.0,85.6,94.5,(±4.4),359,90.0,NaN,88.5,83.0,92.4,(±4.6),297,90.0,NaN,89.4,83.7,93.3,(±4.7),205,90.0,93.4,88.0,96.5,(±4.0),234,90.0,NaN,92.3,87.1,95.5,(±4.1),228,90.0,NaN,92.3,87.0,95.5,(±4.1),207,90.0,89.8,82.9,94.1,(±5.5),192,90.0
KS-Eastern KS Counties,,NaN,NaN,NA,,90.0,NaN,,NaN,NaN,NA,,90.0,NaN,,NaN,NaN,NA,,90.0,NaN,,NaN,NaN,NA,,90.0,NaN,,NaN,NaN,NA,,90.0,NaN,,NaN,NaN,NA,,90.0,NaN,90.7,85.8,94.1,(±4.1),288,90.0,NaN,,NaN,NaN,NA,,90.0,NaN,,NaN,NaN,NA,,90.0,NaN,,NaN,NaN,NA,,90.0,NaN,NaN,NaN,NaN,NaN,NaN,NaN,NaN,NaN,NaN,NaN,NaN,NaN,NaN,NaN,NaN,NaN,NaN,NaN,NaN,NaN,NaN,NaN,NaN,NaN,NaN,NaN,NaN,NaN,NaN,NaN,NaN,NaN,NaN,NaN,NaN,NaN,NaN,NaN,NaN,NaN,,NaN,NaN,NA,,90.0,,NaN,NaN,NA,,90.0
KS-Rest of State,84.7,79.1,89.0,(±4.9),285,90.0,NaN,91.8,86.5,95.1,(±4.2),271,90.0,NaN,93.9,90.4,96.1,(±2.8),291,90.0,NaN,89.4,83.9,93.2,(±4.6),248,90.0,NaN,92.3,86.7,95.6,(±4.3),260,90.0,NaN,92.7,88.5,95.5,(±3.4),255,90.0,NaN,93.4,87.9,96.5,(±4.1),260,90.0,NaN,93.1,88.6,95.9,(±3.5),242,90.0,NaN,91.9,87.5,94.9,(±3.6),303,90.0,NaN,92.5,86.4,96.0,(±4.6),218,90.0,NaN,NaN,NaN,NaN,NaN,NaN,NaN,NaN,NaN,NaN,NaN,NaN,NaN,NaN,NaN,NaN,NaN,NaN,NaN,NaN,NaN,NaN,NaN,NaN,NaN,NaN,NaN,NaN,NaN,NaN,NaN,NaN,NaN,NaN,NaN,NaN,NaN,NaN,NaN,NaN,NaN,,NaN,NaN,NA,,90.0,,NaN,NaN,NA,,90.0
Kentucky,88.1,82.7,91.9,(±4.6),311,90.0,NaN,91.5,87.4,94.4,(±3.5),306,90.0,NaN,88.0,82.0,92.2,(±5),272,90.0,NaN,95.5,91.7,97.6,(±2.8),265,90.0,NaN,91.0,83.7,95.2,(±5.6),243,90.0,NaN,90.2,83.2,94.5,(±5.5),214,90.0,NaN,92.5,88.0,95.4,(±3.6),267,90.0,NaN,90.8,85.1,94.5,(±4.6),318,90.0,NaN,90.2,84.8,93.9,(±4.4),272,90.0,NaN,88.9,84.5,92.2,(±3.8),350,90.0,NaN,89.5,84.6,92.9,(±4.1),276,90.0,91.4,85.1,95.3,(±4.9),281,90.0,NaN,89.2,83.9,92.9,(±4.4),302,90.0,NaN,89.5,83.1,93.6,(±5.1),190,90.0,88.6,81.8,93.1,(±5.5),220,90.0,NaN,91.6,86.5,94.9,(±4.1),241,90.0,NaN,92.5,87.9,95.5,(±3.7),243,90.0,92.7,87.1,96.0,(±4.3),229,90.0
Louisiana,88.8,85.0,91.7,(±3.3),574,90.0,NaN,83.5,78.3,87.6,(±4.7),577,90.0,NaN,87.4,83.0,90.8,(±3.9),551,90.0,NaN,88.4,83.7,91.9,(±4.1),557,90.0,NaN,88.7,84.2,92.1,(±3.9),568,90.0,NaN,89.2,85.8,91.9,(±3),556,90.0,NaN,88.9,83.8,92.6,(±4.3),287,90.0,NaN,92.9,88.6,95.6,(±3.4),281,90.0,NaN,94.2,91.1,96.3,(±2.5),340,90.0,NaN,94.4,90.6,96.8,(±3),266,90.0,NaN,89.7,84.3,93.5,(±4.5),226,90.0,92.6,88.1,95.5,(±3.6),307,90.0,NaN,90.5,85.7,93.8,(±4.0),304,90.0,NaN,88.1,82.0,92.3,(±5.1),224,90.0,91.8,86.6,95.1,(±4.1),270,90.0,NaN,92.6,87.0,95.9,(±4.3),223,90.0,NaN,91.2,86.2,94.5,(±4.1),244,90.0,91.3,85.7,94.9,(±4.5),282,90.0
LA-Orleans Parish,80.3,72.2,86.5,(±7.1),261,90.0,NaN,80.1,72.9,85.7,(±6.4),287,90.0,NaN,88.0,82.5,92.0,(±4.7),242,90.0,NaN,86.4,79.2,91.4,(±6),255,90.0,NaN,90.2,84.2,94.1,(±4.8),269,90.0,NaN,,NaN,NaN,NA,,90.0,NaN,NaN,NaN,NaN,NaN,NaN,NaN,NaN,NaN,NaN,NaN,NaN,NaN,NaN,NaN,NaN,NaN,NaN,NaN,NaN,NaN,NaN,NaN,NaN,NaN,NaN,NaN,NaN,NaN,NaN,NaN,NaN,NaN,NaN,NaN,NaN,NaN,NaN,NaN,NaN,NaN,NaN,NaN,NaN,NaN,NaN,NaN,NaN,NaN,NaN,NaN,NaN,NaN,NaN,NaN,NaN,NaN,NaN,NaN,NaN,NaN,NaN,NaN,NaN,NaN,NaN,NaN,NaN,NaN,,NaN,NaN,NA,,90.0,,NaN,NaN,NA,,90.0
LA-Rest of State,89.9,85.7,93.0,(±3.6),313,90.0,NaN,83.9,78.0,88.5,(±5.2),290,90.0,NaN,87.3,82.3,91.1,(±4.3),309,90.0,NaN,88.6,83.3,92.4,(±4.5),302,90.0,NaN,88.6,83.4,92.3,(±4.4),299,90.0,NaN,89.2,85.8,91.9,(±3),556,90.0,NaN,NaN,NaN,NaN,NaN,NaN,NaN,NaN,NaN,NaN,NaN,NaN,NaN,NaN,NaN,NaN,NaN,NaN,NaN,NaN,NaN,NaN,NaN,NaN,NaN,NaN,NaN,NaN,NaN,NaN,NaN,NaN,NaN,NaN,NaN,NaN,NaN,NaN,NaN,NaN,NaN,NaN,NaN,NaN,NaN,NaN,NaN,NaN,NaN,NaN,NaN,NaN,NaN,NaN,NaN,NaN,NaN,NaN,NaN,NaN,NaN,NaN,NaN,NaN,NaN,NaN,NaN,NaN,NaN,,NaN,NaN,NA,,90.0,,NaN,NaN,NA,,90.0
Maine,93.3,89.6,95.7,(±3),299,90.0,NaN,93.2,89.7,95.6,(±2.9),315,90.0,NaN,92.3,88.0,95.2,(±3.5),258,90.0,NaN,94.1,89.9,96.7,(±3.3),277,90.0,NaN,91.7,87.0,94.8,(±3.8),255,90.0,NaN,92.2,86.8,95.4,(±4.2),189,90.0,NaN,92.2,86.6,95.6,(±4.4),204,90.0,NaN,90.2,84.2,94.0,(±4.8),219,90.0,NaN,91.8,87.4,94.7,(±3.6),275,90.0,NaN,91.4,86.6,94.6,(±3.9),261,90.0,NaN,90.9,85.3,94.6,(±4.5),220,90.0,90.3,85.5,93.6,(±4.0),294,90.0,NaN,91.2,86.0,94.6,(±4.2),264,90.0,NaN,91.0,85.3,94.6,(±4.5),209,90.0,97.2,94.4,98.7,(±2.0),239,90.0,NaN,96.0,91.4,98.2,(±3.1),221,90.0,NaN,91.6,87.4,94.5,(±3.5),260,90.0,93.7,89.8,96.2,(±3.1),271,90.0
Maryland,91.6,87.9,94.3,(±3.1),583,90.0,NaN,92.8,90.0,94.9,(±2.4),635,90.0,NaN,95.4,90.9,97.7,(±3.2),529,90.0,NaN,93.7,88.4,96.7,(±4),550,90.0,NaN,94.8,90.4,97.3,(±3.3),546,90.0,NaN,93.6,89.2,96.3,(±3.4),433,90.0,NaN,96.3,92.1,98.3,(±2.8),519,90.0,NaN,97.1,94.3,98.5,(±2),313,90.0,NaN,94.5,91.5,96.5,(±2.4),610,90.0,NaN,89.7,83.3,93.8,(±5.2),485,90.0,NaN,90.5,84.6,94.3,(±4.8),306,90.0,95.2,91.9,97.2,(±2.6),657,90.0,NaN,92.5,86.0,96.2,(±4.8),311,90.0,NaN,95.3,88.3,98.2,(±4.4),287,90.0,94.9,90.4,97.3,(±3.3),303,90.0,NaN,95.4,92.1,97.3,(±2.5),361,90.0,NaN,93.2,89.0,95.9,(±3.4),372,90.0,92.4,84.9,96.3,(±5.4),361,90.0
MD-City of Baltimore,92.3,88.2,95.1,(±3.4),293,90.0,NaN,91.7,87.1,94.8,(±3.8),285,90.0,NaN,95.6,90.3,98.1,(±3.6),247,90.0,NaN,94.9,90.2,97.4,(±3.4),262,90.0,NaN,93.9,89.1,96.7,(±3.6),283,90.0,NaN,94.5,88.6,97.4,(±4.1),209,90.0,NaN,93.3,88.7,96.1,(±3.6),233,90.0,NaN,,NaN,NaN,NA,,90.0,NaN,89.9,85.0,93.3,(±4.1),294,90.0,NaN,91.0,85.6,94.5,(±4.4),276,90.0,NaN,NaN,NaN,NaN,NaN,NaN,NaN,NaN,NaN,NaN,NaN,NaN,NaN,NaN,NaN,NaN,NaN,NaN,NaN,NaN,NaN,NaN,NaN,NaN,NaN,NaN,NaN,NaN,NaN,NaN,NaN,NaN,NaN,NaN,NaN,NaN,NaN,NaN,NaN,NaN,NaN,,NaN,NaN,NA,,90.0,,NaN,NaN,NA,,90.0
MD-Prince George's County,,NaN,NaN,NA,,90.0,NaN,,NaN,NaN,NA,,90.0,NaN,,NaN,NaN,NA,,90.0,NaN,,NaN,NaN,NA,,90.0,NaN,,NaN,NaN,NA,,90.0,NaN,,NaN,NaN,NA,,90.0,NaN,,NaN,NaN,NA,,90.0,NaN,,NaN,NaN,NA,,90.0,NaN,,NaN,NaN,NA,,90.0,NaN,,NaN,NaN,NA,,90.0,NaN,,NaN,NaN,NA,,90.0,94.6,90.1,97.1,(±3.3),312,90.0,NaN,,NaN,NaN,NA,,90.0,NaN,NaN,NaN,NaN,NaN,NaN,NaN,NaN,NaN,NaN,NaN,NaN,NaN,NaN,NaN,NaN,NaN,NaN,NaN,NaN,NaN,,NaN,NaN,NA,,90.0,,NaN,NaN,NA,,90.0
MD-Rest of State,91.5,87.2,94.5,(±3.6),290,90.0,NaN,93.0,89.7,95.3,(±2.8),350,90.0,NaN,95.4,90.0,97.9,(±3.7),282,90.0,NaN,93.5,87.2,96.9,(±4.5),288,90.0,NaN,95.0,89.7,97.6,(±3.7),263,90.0,NaN,93.5,88.4,96.5,(±3.9),224,90.0,NaN,96.7,91.5,98.8,(±3.2),286,90.0,NaN,97.1,94.3,98.5,(±2),313,90.0,NaN,95.2,91.6,97.3,(±2.7),316,90.0,NaN,89.5,82.0,94.1,(±5.9),209,90.0,NaN,90.5,84.6,94.3,(±4.8),306,90.0,95.3,91.3,97.5,(±3.0),345,90.0,NaN,92.5,86.0,96.2,(±4.8),311,90.0,NaN,NaN,NaN,NaN,NaN,NaN,NaN,NaN,NaN,NaN,NaN,NaN,NaN,NaN,NaN,NaN,NaN,NaN,NaN,NaN,NaN,,NaN,NaN,NA,,90.0,,NaN,NaN,NA,,90.0
Massachusetts,95.2,92.0,97.1,(±2.5),565,90.0,NaN,91.7,87.2,94.7,(±3.7),600,90.0,NaN,95.5,92.2,97.5,(±2.5),593,90.0,NaN,97.7,95.7,98.8,(±1.5),567,90.0,NaN,96.0,92.7,97.8,(±2.4),551,90.0,NaN,97.0,93.8,98.6,(±2.2),233,90.0,NaN,96.6,93.2,98.3,(±2.4),512,90.0,NaN,93.3,87.0,96.7,(±4.6),199,90.0,NaN,94.4,88.4,97.4,(±4.2),266,90.0,NaN,93.7,89.7,96.2,(±3.2),275,90.0,NaN,92.3,86.8,95.6,(±4.3),297,90.0,93.1,86.4,96.6,(±4.8),295,90.0,NaN,93.7,89.3,96.3,(±3.4),270,90.0,NaN,95.8,90.3,98.2,(±3.6),241,90.0,94.7,90.4,97.1,(±3.2),237,90.0,NaN,91.8,86.8,95.1,(±4.0),307,90.0,NaN,98.6,96.3,99.5,(±1.4),312,90.0,98.3,94.9,99.4,(±1.9),271,90.0
MA-City of Boston,90.6,86.0,93.8,(±3.8),296,90.0,NaN,91.4,86.8,94.6,(±3.8),279,90.0,NaN,90.5,85.0,94.1,(±4.4),290,90.0,NaN,95.3,90.3,97.8,(±3.5),294,90.0,NaN,92.4,86.9,95.7,(±4.2),277,90.0,NaN,,NaN,NaN,NA,,90.0,NaN,95.4,91.8,97.4,(±2.7),266,90.0,NaN,,NaN,NaN,NA,,90.0,NaN,,NaN,NaN,NA,,90.0,NaN,,NaN,NaN,NA,,90.0,NaN,NaN,NaN,NaN,NaN,NaN,NaN,NaN,NaN,NaN,NaN,NaN,NaN,NaN,NaN,NaN,NaN,NaN,NaN,NaN,NaN,NaN,NaN,NaN,NaN,NaN,NaN,NaN,NaN,NaN,NaN,NaN,NaN,NaN,NaN,NaN,NaN,NaN,NaN,NaN,NaN,,NaN,NaN,NA,,90.0,,NaN,NaN,NA,,90.0
MA-Rest of State,95.7,92.0,97.8,(±2.7),269,90.0,NaN,91.8,86.7,95.0,(±4.1),321,90.0,NaN,96.1,92.1,98.1,(±2.8),303,90.0,NaN,98.0,95.6,99.1,(±1.6),273,90.0,NaN,96.4,92.5,98.3,(±2.7),274,90.0,NaN,97.0,93.8,98.6,(±2.2),233,90.0,NaN,96.7,92.8,98.5,(±2.6),246,90.0,NaN,93.3,87.0,96.7,(±4.6),199,90.0,NaN,94.4,88.4,97.4,(±4.2),266,90.0,NaN,93.7,89.7,96.2,(±3.2),275,90.0,NaN,NaN,NaN,NaN,NaN,NaN,NaN,NaN,NaN,NaN,NaN,NaN,NaN,NaN,NaN,NaN,NaN,NaN,NaN,NaN,NaN,NaN,NaN,NaN,NaN,NaN,NaN,NaN,NaN,NaN,NaN,NaN,NaN,NaN,NaN,NaN,NaN,NaN,NaN,NaN,NaN,,NaN,NaN,NA,,90.0,,NaN,NaN,NA,,90.0
Michigan,89.0,85.0,92.0,(±3.4),532,90.0,NaN,87.6,82.8,91.2,(±4.2),604,90.0,NaN,93.3,89.8,95.7,(±2.9),539,90.0,NaN,92.5,87.8,95.5,(±3.7),565,90.0,NaN,91.8,87.3,94.8,(±3.7),626,90.0,NaN,93.7,90.3,95.9,(±2.8),430,90.0,NaN,92.2,88.0,95.0,(±3.4),539,90.0,NaN,89.5,83.0,93.7,(±5.3),270,90.0,NaN,88.1,82.9,91.9,(±4.5),282,90.0,NaN,90.9,84.3,94.9,(±5.1),331,90.0,NaN,91.1,86.6,94.2,(±3.8),270,90.0,87.6,80.0,92.5,(±6.2),386,90.0,NaN,91.4,85.8,94.9,(±4.4),283,90.0,NaN,89.2,82.9,93.3,(±5.1),212,90.0,87.4,79.3,92.6,(±6.5),245,90.0,NaN,90.6,85.1,94.2,(±4.5),254,90.0,NaN,86.4,78.6,91.7,(±6.5),230,90.0,92.2,87.1,95.4,(±4),237,90.0
MI-City of Detroit,79.9,73.3,85.2,(±5.9),229,90.0,NaN,85.6,80.0,89.9,(±4.9),284,90.0,NaN,90.6,85.9,93.8,(±3.9),237,90.0,NaN,86.4,78.9,91.5,(±6.2),252,90.0,NaN,90.7,85.6,94.2,(±4.2),293,90.0,NaN,90.7,84.1,94.7,(±5.2),159,90.0,NaN,83.7,77.4,88.5,(±5.5),234,90.0,NaN,,NaN,NaN,NA,,90.0,NaN,,NaN,NaN,NA,,90.0,NaN,,NaN,NaN,NA,,90.0,NaN,NaN,NaN,NaN,NaN,NaN,NaN,NaN,NaN,NaN,NaN,NaN,NaN,NaN,NaN,NaN,NaN,NaN,NaN,NaN,NaN,NaN,NaN,NaN,NaN,NaN,NaN,NaN,NaN,NaN,NaN,NaN,NaN,NaN,NaN,NaN,NaN,NaN,NaN,NaN,NaN,,NaN,NaN,NA,,90.0,,NaN,NaN,NA,,90.0
MI-Rest of State,90.2,85.7,93.5,(±3.8),303,90.0,NaN,87.9,82.4,91.8,(±4.7),320,90.0,NaN,93.7,89.6,96.3,(±3.3),302,90.0,NaN,93.3,87.8,96.4,(±4.1),313,90.0,NaN,91.9,86.7,95.2,(±4.1),333,90.0,NaN,94.0,90.2,96.4,(±3),271,90.0,NaN,93.2,88.3,96.1,(±3.8),305,90.0,NaN,89.5,83.0,93.7,(±5.3),270,90.0,NaN,88.1,82.9,91.9,(±4.5),282,90.0,NaN,90.9,84.3,94.9,(±5.1),331,90.0,NaN,NaN,NaN,NaN,NaN,NaN,NaN,NaN,NaN,NaN,NaN,NaN,NaN,NaN,NaN,NaN,NaN,NaN,NaN,NaN,NaN,NaN,NaN,NaN,NaN,NaN,NaN,NaN,NaN,NaN,NaN,NaN,NaN,NaN,NaN,NaN,NaN,NaN,NaN,NaN,NaN,,NaN,NaN,NA,,90.0,,NaN,NaN,NA,,90.0
Minnesota,92.6,88.6,95.3,(±3.3),286,90.0,NaN,91.3,87.3,94.2,(±3.4),308,90.0,NaN,92.2,87.2,95.3,(±3.9),282,90.0,NaN,92.6,87.7,95.6,(±3.8),268,90.0,NaN,91.7,85.7,95.4,(±4.7),250,90.0,NaN,91.4,85.2,95.2,(±4.8),213,90.0,NaN,92.3,87.3,95.4,(±4),236,90.0,NaN,94.9,91.3,97.1,(±2.8),265,90.0,NaN,91.8,87.6,94.6,(±3.5),362,90.0,NaN,93.6,89.8,96.1,(±3),274,90.0,NaN,92.7,87.5,95.8,(±4.0),269,90.0,96.0,90.8,98.4,(±3.4),278,90.0,NaN,90.1,82.9,94.5,(±5.6),290,90.0,NaN,90.8,83.6,95.1,(±5.5),195,90.0,94.3,88.3,97.3,(±4.2),199,90.0,NaN,92.6,88.2,95.4,(±3.6),289,90.0,NaN,92.0,85.9,95.6,(±4.7),279,90.0,94.3,89.9,96.8,(±3.3),249,90.0
MN-Twin Cities,,NaN,NaN,NA,,90.0,NaN,,NaN,NaN,NA,,90.0,NaN,,NaN,NaN,NA,,90.0,NaN,,NaN,NaN,NA,,90.0,NaN,,NaN,NaN,NA,,90.0,NaN,,NaN,NaN,NA,,90.0,NaN,,NaN,NaN,NA,,90.0,NaN,,NaN,NaN,NA,,90.0,NaN,92.3,87.0,95.5,(±4.1),245,90.0,NaN,,NaN,NaN,NA,,90.0,NaN,NaN,NaN,NaN,NaN,NaN,NaN,NaN,NaN,NaN,NaN,NaN,NaN,NaN,NaN,NaN,NaN,NaN,NaN,NaN,NaN,NaN,NaN,NaN,NaN,NaN,NaN,NaN,NaN,NaN,NaN,NaN,NaN,NaN,NaN,NaN,NaN,NaN,NaN,NaN,NaN,,NaN,NaN,NA,,90.0,,NaN,NaN,NA,,90.0
MN-Rest of State,92.6,88.6,95.3,(±3.3),286,90.0,NaN,91.3,87.3,94.2,(±3.4),308,90.0,NaN,92.2,87.2,95.3,(±3.9),282,90.0,NaN,92.6,87.7,95.6,(±3.8),268,90.0,NaN,91.7,85.7,95.4,(±4.7),250,90.0,NaN,91.4,85.2,95.2,(±4.8),213,90.0,NaN,92.3,87.3,95.4,(±4),236,90.0,NaN,94.9,91.3,97.1,(±2.8),265,90.0,NaN,91.2,83.2,95.5,(±5.9),117,90.0,NaN,93.6,89.8,96.1,(±3),274,90.0,NaN,NaN,NaN,NaN,NaN,NaN,NaN,NaN,NaN,NaN,NaN,NaN,NaN,NaN,NaN,NaN,NaN,NaN,NaN,NaN,NaN,NaN,NaN,NaN,NaN,NaN,NaN,NaN,NaN,NaN,NaN,NaN,NaN,NaN,NaN,NaN,NaN,NaN,NaN,NaN,NaN,,NaN,NaN,NA,,90.0,,NaN,NaN,NA,,90.0
Mississippi,91.0,86.7,94.0,(±3.6),289,90.0,NaN,93.5,88.3,96.5,(±3.9),286,90.0,NaN,91.1,86.2,94.4,(±4),254,90.0,NaN,94.7,90.6,97.0,(±3.1),250,90.0,NaN,94.4,89.2,97.2,(±3.8),285,90.0,NaN,91.0,85.7,94.4,(±4.3),267,90.0,NaN,88.5,82.7,92.5,(±4.8),284,90.0,NaN,87.2,80.3,92.0,(±5.8),245,90.0,NaN,89.3,84.2,92.8,(±4.2),377,90.0,NaN,91.6,87.8,94.4,(±3.3),339,90.0,NaN,93.8,90.5,96.0,(±2.7),323,90.0,89.6,83.6,93.6,(±4.9),292,90.0,NaN,93.4,87.6,96.6,(±4.3),303,90.0,NaN,95.2,91.1,97.4,(±3.0),180,90.0,95.0,88.5,97.9,(±4.3),205,90.0,NaN,89.8,83.2,94.0,(±5.3),233,90.0,NaN,90.8,85.4,94.4,(±4.4),239,90.0,91.8,86.7,95.1,(±4.1),247,90.0
Missouri,92.3,87.7,95.3,(±3.7),275,90.0,NaN,90.0,85.1,93.4,(±4.1),269,90.0,NaN,94.8,90.5,97.2,(±3.2),271,90.0,NaN,94.5,90.6,96.8,(±3),290,90.0,NaN,93.8,89.4,96.5,(±3.4),261,90.0,NaN,90.3,86.4,93.2,(±3.3),522,90.0,NaN,95.7,89.6,98.3,(±3.9),275,90.0,NaN,89.0,82.7,93.3,(±5.2),258,90.0,NaN,91.7,86.6,94.9,(±4.1),315,90.0,NaN,88.8,82.7,92.9,(±5),326,90.0,NaN,90.4,85.7,93.6,(±3.9),325,90.0,88.2,83.6,91.6,(±3.9),397,90.0,NaN,92.7,87.3,95.9,(±4.1),252,90.0,NaN,89.8,83.2,94.0,(±5.3),188,90.0,90.3,84.5,94.1,(±4.7),272,90.0,NaN,91.6,86.1,95.1,(±4.3),226,90.0,NaN,92.9,87.8,96.0,(±4),215,90.0,85.8,78.7,90.8,(±6),229,90.0
MO-St. Louis County/City,,NaN,NaN,NA,,90.0,NaN,,NaN,NaN,NA,,90.0,NaN,,NaN,NaN,NA,,90.0,NaN,,NaN,NaN,NA,,90.0,NaN,,NaN,NaN,NA,,90.0,NaN,93.0,88.2,96.0,(±3.8),263,90.0,NaN,,NaN,NaN,NA,,90.0,NaN,,NaN,NaN,NA,,90.0,NaN,,NaN,NaN,NA,,90.0,NaN,,NaN,NaN,NA,,90.0,NaN,NaN,NaN,NaN,NaN,NaN,NaN,NaN,NaN,NaN,NaN,NaN,NaN,NaN,NaN,NaN,NaN,NaN,NaN,NaN,NaN,NaN,NaN,NaN,NaN,NaN,NaN,NaN,NaN,NaN,NaN,NaN,NaN,NaN,NaN,NaN,NaN,NaN,NaN,NaN,NaN,,NaN,NaN,NA,,90.0,,NaN,NaN,NA,,90.0
MO-Rest of State,92.3,87.7,95.3,(±3.7),275,90.0,NaN,90.0,85.1,93.4,(±4.1),269,90.0,NaN,94.8,90.5,97.2,(±3.2),271,90.0,NaN,94.5,90.6,96.8,(±3),290,90.0,NaN,93.8,89.4,96.5,(±3.4),261,90.0,NaN,89.5,84.6,93.0,(±4.2),259,90.0,NaN,95.7,89.6,98.3,(±3.9),275,90.0,NaN,89.0,82.7,93.3,(±5.2),258,90.0,NaN,91.7,86.6,94.9,(±4.1),315,90.0,NaN,88.8,82.7,92.9,(±5),326,90.0,NaN,NaN,NaN,NaN,NaN,NaN,NaN,NaN,NaN,NaN,NaN,NaN,NaN,NaN,NaN,NaN,NaN,NaN,NaN,NaN,NaN,NaN,NaN,NaN,NaN,NaN,NaN,NaN,NaN,NaN,NaN,NaN,NaN,NaN,NaN,NaN,NaN,NaN,NaN,NaN,NaN,,NaN,NaN,NA,,90.0,,NaN,NaN,NA,,90.0
Montana,87.4,81.7,91.5,(±4.9),293,90.0,NaN,94.1,90.8,96.3,(±2.7),295,90.0,NaN,85.3,79.8,89.5,(±4.8),276,90.0,NaN,90.7,86.2,93.8,(±3.8),282,90.0,NaN,91.2,86.5,94.4,(±3.9),280,90.0,NaN,93.6,88.6,96.5,(±3.8),260,90.0,NaN,87.3,80.8,91.9,(±5.5),280,90.0,NaN,89.6,84.9,93.0,(±4),269,90.0,NaN,85.9,80.0,90.2,(±5.1),268,90.0,NaN,87.2,81.3,91.4,(±5),262,90.0,NaN,85.1,78.6,89.8,(±5.6),264,90.0,87.8,81.5,92.1,(±5.2),328,90.0,NaN,91.5,86.5,94.7,(±4.0),310,90.0,NaN,87.3,81.1,91.7,(±5.2),220,90.0,93.4,87.4,96.6,(±4.4),220,90.0,NaN,91.7,87.2,94.7,(±3.7),251,90.0,NaN,86.0,80.0,90.4,(±5.1),246,90.0,92.3,87.1,95.5,(±4.1),216,90.0
Nebraska,91.4,87.3,94.2,(±3.4),290,90.0,NaN,90.9,86.9,93.8,(±3.4),301,90.0,NaN,93.2,88.5,96.0,(±3.7),282,90.0,NaN,91.0,85.4,94.6,(±4.5),276,90.0,NaN,92.7,88.3,95.6,(±3.5),302,90.0,NaN,94.8,90.9,97.0,(±2.9),222,90.0,NaN,91.4,85.8,94.9,(±4.4),250,90.0,NaN,94.0,89.1,96.8,(±3.7),214,90.0,NaN,91.9,87.9,94.7,(±3.3),316,90.0,NaN,93.6,89.7,96.1,(±3.1),247,90.0,NaN,94.2,89.9,96.8,(±3.3),243,90.0,95.3,90.4,97.8,(±3.5),276,90.0,NaN,89.0,83.9,92.7,(±4.4),266,90.0,NaN,92.5,87.3,95.7,(±4.1),241,90.0,96.0,92.0,98.1,(±2.9),239,90.0,NaN,95.6,91.5,97.8,(±3.0),231,90.0,NaN,93.7,87.3,97.0,(±4.5),219,90.0,93.7,89.1,96.4,(±3.5),246,90.0
Nevada,87.3,82.9,90.8,(±3.9),332,90.0,NaN,86.9,81.8,90.7,(±4.4),298,90.0,NaN,89.4,83.8,93.2,(±4.6),258,90.0,NaN,89.2,84.2,92.8,(±4.2),282,90.0,NaN,87.4,82.7,91.0,(±4.1),317,90.0,NaN,85.7,80.5,89.7,(±4.6),347,90.0,NaN,85.1,78.8,89.8,(±5.4),240,90.0,NaN,86.3,80.7,90.5,(±4.9),232,90.0,NaN,88.0,82.9,91.7,(±4.4),246,90.0,NaN,86.3,81.0,90.3,(±4.6),320,90.0,NaN,87.0,80.9,91.3,(±5.2),229,90.0,90.5,84.9,94.2,(±4.6),306,90.0,NaN,89.8,84.9,93.3,(±4.1),287,90.0,NaN,90.4,86.3,93.4,(±3.5),298,90.0,90.4,85.3,93.9,(±4.2),297,90.0,NaN,93.7,88.7,96.5,(±3.7),214,90.0,NaN,90.5,84.3,94.4,(±4.9),202,90.0,92.4,87.7,95.4,(±3.8),235,90.0
NV-Clark County,,NaN,NaN,NA,,90.0,NaN,,NaN,NaN,NA,,90.0,NaN,,NaN,NaN,NA,,90.0,NaN,,NaN,NaN,NA,,90.0,NaN,,NaN,NaN,NA,,90.0,NaN,84.4,77.6,89.4,(±5.8),179,90.0,NaN,,NaN,NaN,NA,,90.0,NaN,,NaN,NaN,NA,,90.0,NaN,,NaN,NaN,NA,,90.0,NaN,,NaN,NaN,NA,,90.0,NaN,NaN,NaN,NaN,NaN,NaN,NaN,NaN,NaN,NaN,NaN,NaN,NaN,NaN,NaN,NaN,NaN,NaN,NaN,NaN,NaN,NaN,NaN,NaN,NaN,NaN,NaN,NaN,NaN,NaN,NaN,NaN,NaN,NaN,NaN,NaN,NaN,NaN,NaN,NaN,NaN,,NaN,NaN,NA,,90.0,,NaN,NaN,NA,,90.0
NV-Rest of State,87.3,82.9,90.8,(±3.9),332,90.0,NaN,86.9,81.8,90.7,(±4.4),298,90.0,NaN,89.4,83.8,93.2,(±4.6),258,90.0,NaN,89.2,84.2,92.8,(±4.2),282,90.0,NaN,87.4,82.7,91.0,(±4.1),317,90.0,NaN,89.4,81.9,94.0,(±5.9),168,90.0,NaN,85.1,78.8,89.8,(±5.4),240,90.0,NaN,86.3,80.7,90.5,(±4.9),232,90.0,NaN,88.0,82.9,91.7,(±4.4),246,90.0,NaN,86.3,81.0,90.3,(±4.6),320,90.0,NaN,NaN,NaN,NaN,NaN,NaN,NaN,NaN,NaN,NaN,NaN,NaN,NaN,NaN,NaN,NaN,NaN,NaN,NaN,NaN,NaN,NaN,NaN,NaN,NaN,NaN,NaN,NaN,NaN,NaN,NaN,NaN,NaN,NaN,NaN,NaN,NaN,NaN,NaN,NaN,NaN,,NaN,NaN,NA,,90.0,,NaN,NaN,NA,,90.0
New Hampshire,95.0,92.0,96.9,(±2.4),323,90.0,NaN,92.9,88.0,95.9,(±3.8),319,90.0,NaN,93.9,89.1,96.6,(±3.6),278,90.0,NaN,94.6,90.7,97.0,(±3),280,90.0,NaN,93.5,88.1,96.6,(±4.1),261,90.0,NaN,88.3,82.5,92.4,(±4.9),237,90.0,NaN,92.9,88.6,95.7,(±3.5),245,90.0,NaN,96.6,92.9,98.4,(±2.6),199,90.0,NaN,94.8,90.9,97.1,(±3),241,90.0,NaN,92.0,87.3,95.1,(±3.8),236,90.0,NaN,95.8,91.6,97.9,(±3.0),232,90.0,92.0,86.8,95.2,(±4.1),244,90.0,NaN,93.7,89.3,96.4,(±3.4),251,90.0,NaN,96.3,92.7,98.2,(±2.6),226,90.0,93.1,88.3,96.1,(±3.8),248,90.0,NaN,93.4,88.3,96.4,(±3.9),195,90.0,NaN,95.9,92.0,97.9,(±2.8),238,90.0,94.1,89.5,96.8,(±3.5),236,90.0
New Jersey,88.2,83.4,91.7,(±4.1),639,90.0,NaN,91.0,86.0,94.3,(±4),640,90.0,NaN,92.8,88.6,95.5,(±3.3),554,90.0,NaN,93.5,89.7,95.9,(±3),532,90.0,NaN,94.6,90.5,97.0,(±3.1),566,90.0,NaN,85.3,79.4,89.7,(±5.1),505,90.0,NaN,91.2,86.6,94.4,(±3.8),553,90.0,NaN,91.2,83.9,95.4,(±5.5),260,90.0,NaN,89.9,84.6,93.5,(±4.4),322,90.0,NaN,86.9,82.0,90.6,(±4.3),353,90.0,NaN,86.1,79.3,90.9,(±5.7),332,90.0,91.3,87.1,94.2,(±3.5),372,90.0,NaN,94.8,91.3,96.9,(±2.7),285,90.0,NaN,95.6,90.9,97.9,(±3.3),265,90.0,93.3,88.4,96.2,(±3.8),262,90.0,NaN,92.8,87.0,96.1,(±4.4),272,90.0,NaN,92.4,87.4,95.5,(±4),268,90.0,89.0,84.1,92.5,(±4.2),356,90.0
NJ-City of Newark,86.8,81.2,90.9,(±4.8),298,90.0,NaN,89.0,84.7,92.2,(±3.7),327,90.0,NaN,89.1,83.2,93.1,(±4.9),232,90.0,NaN,92.3,87.1,95.6,(±4.1),260,90.0,NaN,93.5,88.3,96.5,(±3.9),271,90.0,NaN,87.2,81.0,91.6,(±5.2),257,90.0,NaN,89.6,84.6,93.1,(±4.2),265,90.0,NaN,,NaN,NaN,NA,,90.0,NaN,,NaN,NaN,NA,,90.0,NaN,,NaN,NaN,NA,,90.0,NaN,NaN,NaN,NaN,NaN,NaN,NaN,NaN,NaN,NaN,NaN,NaN,NaN,NaN,NaN,NaN,NaN,NaN,NaN,NaN,NaN,NaN,NaN,NaN,NaN,NaN,NaN,NaN,NaN,NaN,NaN,NaN,NaN,NaN,NaN,NaN,NaN,NaN,NaN,NaN,NaN,,NaN,NaN,NA,,90.0,,NaN,NaN,NA,,90.0
NJ-Rest of State,88.2,83.2,91.9,(±4.3),341,90.0,NaN,91.1,85.8,94.5,(±4.2),313,90.0,NaN,93.0,88.6,95.7,(±3.5),322,90.0,NaN,93.5,89.6,96.0,(±3.1),272,90.0,NaN,94.6,90.3,97.1,(±3.2),295,90.0,NaN,85.2,79.0,89.8,(±5.3),248,90.0,NaN,91.3,86.5,94.5,(±4),288,90.0,NaN,91.2,83.9,95.4,(±5.5),260,90.0,NaN,89.9,84.6,93.5,(±4.4),322,90.0,NaN,86.9,82.0,90.6,(±4.3),353,90.0,NaN,NaN,NaN,NaN,NaN,NaN,NaN,NaN,NaN,NaN,NaN,NaN,NaN,NaN,NaN,NaN,NaN,NaN,NaN,NaN,NaN,NaN,NaN,NaN,NaN,NaN,NaN,NaN,NaN,NaN,NaN,NaN,NaN,NaN,NaN,NaN,NaN,NaN,NaN,NaN,NaN,,NaN,NaN,NA,,90.0,,NaN,NaN,NA,,90.0
New Mexico,81.4,74.7,86.5,(±5.9),311,90.0,NaN,87.1,82.1,90.9,(±4.3),338,90.0,NaN,92.5,87.9,95.4,(±3.6),259,90.0,NaN,93.9,89.7,96.4,(±3.3),253,90.0,NaN,89.9,84.4,93.6,(±4.5),325,90.0,NaN,91.2,85.3,94.9,(±4.7),203,90.0,NaN,89.1,84.4,92.4,(±4),506,90.0,NaN,90.6,86.4,93.7,(±3.6),268,90.0,NaN,90.6,85.2,94.2,(±4.4),280,90.0,NaN,89.1,84.3,92.5,(±4.1),342,90.0,NaN,88.8,84.4,92.1,(±3.8),318,90.0,93.1,88.5,95.9,(±3.6),332,90.0,NaN,88.8,83.5,92.5,(±4.4),282,90.0,NaN,89.1,83.5,93.0,(±4.6),255,90.0,94.6,90.6,96.9,(±3.0),280,90.0,NaN,89.7,83.1,93.9,(±5.3),244,90.0,NaN,91.2,86.5,94.4,(±3.9),249,90.0,89.3,83.2,93.4,(±5),233,90.0
NM-Southern NM Counties,,NaN,NaN,NA,,90.0,NaN,,NaN,NaN,NA,,90.0,NaN,,NaN,NaN,NA,,90.0,NaN,,NaN,NaN,NA,,90.0,NaN,,NaN,NaN,NA,,90.0,NaN,,NaN,NaN,NA,,90.0,NaN,87.4,82.2,91.2,(±4.5),270,90.0,NaN,,NaN,NaN,NA,,90.0,NaN,,NaN,NaN,NA,,90.0,NaN,,NaN,NaN,NA,,90.0,NaN,NaN,NaN,NaN,NaN,NaN,NaN,NaN,NaN,NaN,NaN,NaN,NaN,NaN,NaN,NaN,NaN,NaN,NaN,NaN,NaN,NaN,NaN,NaN,NaN,NaN,NaN,NaN,NaN,NaN,NaN,NaN,NaN,NaN,NaN,NaN,NaN,NaN,NaN,NaN,NaN,,NaN,NaN,NA,,90.0,,NaN,NaN,NA,,90.0
NM-Rest of State,81.4,74.7,86.5,(±5.9),311,90.0,NaN,87.1,82.1,90.9,(±4.3),338,90.0,NaN,92.5,87.9,95.4,(±3.6),259,90.0,NaN,93.9,89.7,96.4,(±3.3),253,90.0,NaN,89.9,84.4,93.6,(±4.5),325,90.0,NaN,91.2,85.3,94.9,(±4.7),203,90.0,NaN,89.8,83.0,94.1,(±5.4),236,90.0,NaN,90.6,86.4,93.7,(±3.6),268,90.0,NaN,90.6,85.2,94.2,(±4.4),280,90.0,NaN,89.1,84.3,92.5,(±4.1),342,90.0,NaN,NaN,NaN,NaN,NaN,NaN,NaN,NaN,NaN,NaN,NaN,NaN,NaN,NaN,NaN,NaN,NaN,NaN,NaN,NaN,NaN,NaN,NaN,NaN,NaN,NaN,NaN,NaN,NaN,NaN,NaN,NaN,NaN,NaN,NaN,NaN,NaN,NaN,NaN,NaN,NaN,,NaN,NaN,NA,,90.0,,NaN,NaN,NA,,90.0
New York,93.8,91.3,95.6,(±2.1),584,90.0,NaN,92.3,89.4,94.5,(±2.5),591,90.0,NaN,94.4,91.5,96.4,(±2.4),498,90.0,NaN,95.1,92.5,96.8,(±2.1),521,90.0,NaN,95.5,92.8,97.2,(±2.1),522,90.0,NaN,92.9,89.2,95.3,(±3),433,90.0,NaN,95.9,93.4,97.5,(±2),526,90.0,NaN,93.6,91.2,95.4,(±2.1),542,90.0,NaN,92.2,89.5,94.3,(±2.4),529,90.0,NaN,90.3,86.6,93.0,(±3.2),452,90.0,NaN,89.3,85.1,92.5,(±3.6),454,90.0,91.0,87.8,93.5,(±2.8),586,90.0,NaN,90.2,86.9,92.7,(±2.9),554,90.0,NaN,95.5,92.5,97.3,(±2.3),468,90.0,93.1,89.6,95.4,(±2.9),466,90.0,NaN,92.5,89.5,94.8,(±2.6),566,90.0,NaN,94.2,91.4,96.2,(±2.3),546,90.0,92.5,89.8,94.6,(±2.3),543,90.0
NY-City of New York,92.5,88.5,95.1,(±3.3),275,90.0,NaN,91.8,87.2,94.8,(±3.8),281,90.0,NaN,96.9,93.8,98.5,(±2.2),235,90.0,NaN,97.0,94.0,98.5,(±2.1),244,90.0,NaN,93.2,88.1,96.2,(±3.9),250,90.0,NaN,92.4,86.0,96.0,(±4.8),205,90.0,NaN,95.7,92.4,97.6,(±2.5),277,90.0,NaN,91.9,88.1,94.6,(±3.2),311,90.0,NaN,93.4,89.6,95.9,(±3.1),267,90.0,NaN,91.9,86.2,95.3,(±4.4),219,90.0,NaN,89.3,82.9,93.5,(±5.2),224,90.0,91.5,87.2,94.4,(±3.6),312,90.0,NaN,90.3,85.7,93.6,(±3.9),285,90.0,NaN,96.8,93.2,98.5,(±2.5),242,90.0,95.0,90.4,97.4,(±3.3),237,90.0,NaN,94.1,90.4,96.4,(±2.9),291,90.0,NaN,92.0,87.2,95.2,(±3.9),268,90.0,91.9,87.7,94.8,(±3.5),264,90.0
NY-Rest of State,94.9,91.5,97.0,(±2.7),309,90.0,NaN,92.8,88.6,95.6,(±3.4),310,90.0,NaN,92.2,87.1,95.4,(±4),263,90.0,NaN,93.4,88.9,96.1,(±3.5),277,90.0,NaN,97.6,94.6,98.9,(±2),272,90.0,NaN,93.3,88.5,96.1,(±3.7),228,90.0,NaN,96.2,91.7,98.3,(±3),249,90.0,NaN,95.2,91.8,97.3,(±2.6),231,90.0,NaN,91.2,86.8,94.2,(±3.6),262,90.0,NaN,88.7,83.4,92.5,(±4.5),233,90.0,NaN,89.4,83.1,93.5,(±5.1),230,90.0,90.6,85.2,94.1,(±4.3),274,90.0,NaN,90.0,84.9,93.5,(±4.2),269,90.0,NaN,94.2,88.9,97.0,(±3.9),226,90.0,91.2,85.2,94.9,(±4.7),229,90.0,NaN,90.9,85.6,94.4,(±4.3),275,90.0,NaN,96.4,92.8,98.3,(±2.5),278,90.0,93.1,89.2,95.7,(±3.1),279,90.0
North Carolina,95.6,92.8,97.3,(±2.2),313,90.0,NaN,96.0,92.9,97.8,(±2.3),303,90.0,NaN,94.9,90.7,97.2,(±3.1),259,90.0,NaN,95.7,91.7,97.8,(±2.9),276,90.0,NaN,95.6,90.5,98.1,(±3.5),311,90.0,NaN,94.4,89.3,97.2,(±3.7),216,90.0,NaN,97.6,94.5,99.0,(±2),241,90.0,NaN,96.9,94.1,98.4,(±2),263,90.0,NaN,92.2,87.8,95.2,(±3.6),318,90.0,NaN,92.9,87.7,95.9,(±4),262,90.0,NaN,94.5,90.8,96.8,(±2.9),310,90.0,92.3,85.4,96.0,(±5.1),287,90.0,NaN,89.0,83.0,93.0,(±4.9),286,90.0,NaN,96.0,91.0,98.3,(±3.3),262,90.0,94.3,88.5,97.3,(±4.1),269,90.0,NaN,94.3,90.0,96.8,(±3.3),261,90.0,NaN,93.3,87.7,96.5,(±4.2),267,90.0,92.2,87.2,95.3,(±3.9),298,90.0
North Dakota,91.5,87.4,94.4,(±3.4),320,90.0,NaN,92.3,88.5,94.9,(±3.1),320,90.0,NaN,90.7,83.3,95.0,(±5.7),278,90.0,NaN,90.9,86.0,94.2,(±4),273,90.0,NaN,92.6,88.5,95.3,(±3.3),294,90.0,NaN,92.3,87.4,95.4,(±3.9),270,90.0,NaN,91.7,87.0,94.8,(±3.8),322,90.0,NaN,95.2,91.2,97.4,(±2.9),249,90.0,NaN,90.6,85.9,93.8,(±3.9),269,90.0,NaN,94.4,90.2,96.9,(±3.2),206,90.0,NaN,92.6,88.2,95.4,(±3.5),253,90.0,95.8,91.4,97.9,(±3.0),247,90.0,NaN,90.6,83.7,94.8,(±5.4),258,90.0,NaN,91.4,86.7,94.5,(±3.8),303,90.0,94.9,90.4,97.3,(±3.3),334,90.0,NaN,92.8,87.9,95.8,(±3.8),234,90.0,NaN,89.2,82.8,93.4,(±5.2),205,90.0,95.7,92.1,97.7,(±2.7),222,90.0
Ohio,89.2,85.8,91.9,(±3),830,90.0,NaN,91.6,88.4,94.0,(±2.7),923,90.0,NaN,91.3,87.6,93.9,(±3.1),859,90.0,NaN,95.6,92.6,97.4,(±2.3),756,90.0,NaN,93.1,89.3,95.6,(±3.1),846,90.0,NaN,93.1,89.5,95.5,(±3),673,90.0,NaN,93.5,89.7,96.0,(±3.1),570,90.0,NaN,90.7,86.3,93.8,(±3.7),290,90.0,NaN,93.9,90.0,96.4,(±3.1),300,90.0,NaN,89.4,84.5,92.9,(±4.2),280,90.0,NaN,93.6,89.1,96.3,(±3.5),243,90.0,93.3,87.8,96.5,(±4.2),284,90.0,NaN,90.3,84.3,94.2,(±4.9),292,90.0,NaN,86.0,79.9,90.5,(±5.2),249,90.0,95.6,91.6,97.7,(±2.9),231,90.0,NaN,88.1,81.3,92.7,(±5.6),219,90.0,NaN,87.4,80.4,92.2,(±5.8),221,90.0,88.3,83.0,92.1,(±4.5),279,90.0
OH-Cuyahoga County,83.9,78.2,88.4,(±5.1),285,90.0,NaN,92.2,87.3,95.3,(±3.9),284,90.0,NaN,93.5,87.5,96.7,(±4.4),266,90.0,NaN,95.5,91.3,97.7,(±3),260,90.0,NaN,96.2,92.8,98.0,(±2.5),291,90.0,NaN,93.0,88.5,95.8,(±3.6),249,90.0,NaN,94.2,89.2,97.0,(±3.7),297,90.0,NaN,,NaN,NaN,NA,,90.0,NaN,,NaN,NaN,NA,,90.0,NaN,,NaN,NaN,NA,,90.0,NaN,NaN,NaN,NaN,NaN,NaN,NaN,NaN,NaN,NaN,NaN,NaN,NaN,NaN,NaN,NaN,NaN,NaN,NaN,NaN,NaN,NaN,NaN,NaN,NaN,NaN,NaN,NaN,NaN,NaN,NaN,NaN,NaN,NaN,NaN,NaN,NaN,NaN,NaN,NaN,NaN,,NaN,NaN,NA,,90.0,,NaN,NaN,NA,,90.0
OH-Franklin County,91.6,87.3,94.5,(±3.5),278,90.0,NaN,94.0,90.7,96.2,(±2.7),299,90.0,NaN,94.3,90.2,96.8,(±3.2),262,90.0,NaN,94.4,89.7,97.1,(±3.5),241,90.0,NaN,94.9,90.3,97.4,(±3.4),273,90.0,NaN,95.6,90.2,98.1,(±3.6),175,90.0,NaN,,NaN,NaN,NA,,90.0,NaN,,NaN,NaN,NA,,90.0,NaN,,NaN,NaN,NA,,90.0,NaN,,NaN,NaN,NA,,90.0,NaN,NaN,NaN,NaN,NaN,NaN,NaN,NaN,NaN,NaN,NaN,NaN,NaN,NaN,NaN,NaN,NaN,NaN,NaN,NaN,NaN,NaN,NaN,NaN,NaN,NaN,NaN,NaN,NaN,NaN,NaN,NaN,NaN,NaN,NaN,NaN,NaN,NaN,NaN,NaN,NaN,,NaN,NaN,NA,,90.0,,NaN,NaN,NA,,90.0
OH-Rest of State,89.8,85.2,93.0,(±3.8),267,90.0,NaN,91.2,87.0,94.1,(±3.5),340,90.0,NaN,90.5,85.7,93.8,(±4),331,90.0,NaN,95.7,91.6,97.9,(±2.9),255,90.0,NaN,92.3,87.3,95.5,(±4),282,90.0,NaN,92.8,88.0,95.7,(±3.8),249,90.0,NaN,93.4,89.0,96.1,(±3.4),273,90.0,NaN,90.7,86.3,93.8,(±3.7),290,90.0,NaN,93.9,90.0,96.4,(±3.1),300,90.0,NaN,89.4,84.5,92.9,(±4.2),280,90.0,NaN,NaN,NaN,NaN,NaN,NaN,NaN,NaN,NaN,NaN,NaN,NaN,NaN,NaN,NaN,NaN,NaN,NaN,NaN,NaN,NaN,NaN,NaN,NaN,NaN,NaN,NaN,NaN,NaN,NaN,NaN,NaN,NaN,NaN,NaN,NaN,NaN,NaN,NaN,NaN,NaN,,NaN,NaN,NA,,90.0,,NaN,NaN,NA,,90.0
Oklahoma,89.3,84.4,92.9,(±4.2),305,90.0,NaN,92.9,88.4,95.7,(±3.5),317,90.0,NaN,86.4,80.2,90.9,(±5.3),268,90.0,NaN,88.0,80.5,92.9,(±6.1),268,90.0,NaN,90.6,85.1,94.2,(±4.4),314,90.0,NaN,89.8,84.9,93.2,(±4.1),279,90.0,NaN,94.1,90.1,96.6,(±3.1),303,90.0,NaN,89.9,83.7,93.9,(±5),270,90.0,NaN,92.3,86.9,95.6,(±4.2),261,90.0,NaN,94.2,90.8,96.4,(±2.7),306,90.0,NaN,91.0,84.7,94.9,(±5.0),326,90.0,94.0,89.7,96.5,(±3.3),303,90.0,NaN,90.0,84.0,93.9,(±4.8),282,90.0,NaN,89.8,85.4,93.1,(±3.8),301,90.0,92.0,84.7,96.0,(±5.4),247,90.0,NaN,92.6,85.5,96.3,(±5.1),220,90.0,NaN,89.7,83.9,93.6,(±4.8),216,90.0,91.7,86.9,94.9,(±3.9),219,90.0
Oregon,90.3,86.1,93.4,(±3.6),294,90.0,NaN,88.4,83.2,92.2,(±4.5),288,90.0,NaN,86.6,81.6,90.4,(±4.4),283,90.0,NaN,92.4,87.9,95.3,(±3.6),262,90.0,NaN,93.7,89.8,96.2,(±3.1),279,90.0,NaN,82.7,76.4,87.7,(±5.6),203,90.0,NaN,88.7,83.4,92.5,(±4.5),220,90.0,NaN,88.9,82.3,93.2,(±5.3),214,90.0,NaN,92.0,87.2,95.1,(±3.8),224,90.0,NaN,88.1,83.0,91.8,(±4.3),316,90.0,NaN,92.8,88.7,95.4,(±3.3),273,90.0,90.6,85.5,94.1,(±4.2),296,90.0,NaN,87.3,81.8,91.3,(±4.7),296,90.0,NaN,89.4,84.2,93.0,(±4.4),275,90.0,85.1,78.0,90.2,(±6.0),239,90.0,NaN,94.1,89.2,96.9,(±3.7),192,90.0,NaN,86.7,80.9,91.0,(±5),256,90.0,90.3,85.2,93.7,(±4.2),254,90.0
Pennsylvania,92.0,88.3,94.6,(±3.1),600,90.0,NaN,95.3,92.9,96.9,(±1.9),568,90.0,NaN,92.2,87.2,95.4,(±4),486,90.0,NaN,94.1,89.7,96.7,(±3.4),586,90.0,NaN,95.0,91.6,97.1,(±2.6),572,90.0,NaN,93.6,88.1,96.6,(±4.1),399,90.0,NaN,94.0,90.4,96.3,(±2.9),754,90.0,NaN,93.8,90.8,95.9,(±2.5),552,90.0,NaN,92.2,88.5,94.7,(±3),609,90.0,NaN,89.3,84.1,93.0,(±4.4),509,90.0,NaN,92.3,88.9,94.7,(±2.9),562,90.0,92.8,89.7,95.1,(±2.7),671,90.0,NaN,87.0,81.7,91.0,(±4.6),594,90.0,NaN,93.3,89.3,95.9,(±3.2),585,90.0,92.0,88.1,94.7,(±3.3),644,90.0,NaN,90.9,86.4,94.0,(±3.7),575,90.0,NaN,93.0,88.6,95.8,(±3.5),567,90.0,91.7,85.9,95.3,(±4.6),543,90.0
PA-Allegheny County,,NaN,NaN,NA,,90.0,NaN,,NaN,NaN,NA,,90.0,NaN,,NaN,NaN,NA,,90.0,NaN,,NaN,NaN,NA,,90.0,NaN,,NaN,NaN,NA,,90.0,NaN,,NaN,NaN,NA,,90.0,NaN,90.1,83.3,94.3,(±5.4),290,90.0,NaN,,NaN,NaN,NA,,90.0,NaN,,NaN,NaN,NA,,90.0,NaN,,NaN,NaN,NA,,90.0,NaN,NaN,NaN,NaN,NaN,NaN,NaN,NaN,NaN,NaN,NaN,NaN,NaN,NaN,NaN,NaN,NaN,NaN,NaN,NaN,NaN,NaN,NaN,NaN,NaN,NaN,NaN,NaN,NaN,NaN,NaN,NaN,NaN,NaN,NaN,NaN,NaN,NaN,NaN,NaN,NaN,,NaN,NaN,NA,,90.0,,NaN,NaN,NA,,90.0
PA-Philadelphia,92.1,88.4,94.7,(±3.1),318,90.0,NaN,87.8,82.9,91.5,(±4.2),282,90.0,NaN,93.7,89.4,96.4,(±3.4),234,90.0,NaN,92.5,87.4,95.6,(±4),295,90.0,NaN,94.0,89.2,96.7,(±3.6),298,90.0,NaN,95.7,91.8,97.8,(±2.8),177,90.0,NaN,95.8,91.9,97.8,(±2.8),210,90.0,NaN,92.2,86.3,95.7,(±4.5),209,90.0,NaN,93.1,88.9,95.7,(±3.3),320,90.0,NaN,90.7,85.9,94.0,(±4),261,90.0,NaN,93.5,89.5,96.1,(±3.2),268,90.0,93.1,87.9,96.2,(±4.0),290,90.0,NaN,92.6,86.9,95.9,(±4.3),274,90.0,NaN,95.9,92.2,97.9,(±2.7),267,90.0,94.3,88.1,97.4,(±4.3),276,90.0,NaN,93.2,88.7,96.0,(±3.5),272,90.0,NaN,94.3,89.8,96.9,(±3.4),240,90.0,95.4,90.4,97.9,(±3.5),195,90.0
PA-Rest of State,91.9,87.5,94.9,(±3.6),282,90.0,NaN,96.6,93.7,98.2,(±2.2),286,90.0,NaN,92.0,86.0,95.5,(±4.6),252,90.0,NaN,94.4,88.9,97.2,(±3.9),291,90.0,NaN,95.2,91.1,97.4,(±3),274,90.0,NaN,93.2,86.7,96.7,(±4.7),222,90.0,NaN,94.2,89.1,96.9,(±3.7),254,90.0,NaN,94.1,90.5,96.3,(±2.8),343,90.0,NaN,92.0,87.7,94.9,(±3.6),289,90.0,NaN,89.1,82.8,93.2,(±5.1),248,90.0,NaN,92.1,88.0,94.9,(±3.4),294,90.0,92.8,89.0,95.3,(±3.1),381,90.0,NaN,85.9,79.6,90.6,(±5.5),320,90.0,NaN,92.8,87.9,95.8,(±3.8),318,90.0,91.6,86.9,94.7,(±3.8),368,90.0,NaN,90.5,85.1,94.1,(±4.4),303,90.0,NaN,92.8,87.5,96.0,(±4.1),327,90.0,91.0,84.0,95.1,(±5.4),348,90.0
Rhode Island,93.2,89.5,95.7,(±3),341,90.0,NaN,95.2,92.3,97.1,(±2.3),365,90.0,NaN,96.0,92.3,98.0,(±2.7),269,90.0,NaN,93.6,88.8,96.4,(±3.7),232,90.0,NaN,95.6,91.8,97.7,(±2.8),284,90.0,NaN,95.2,92.0,97.1,(±2.5),267,90.0,NaN,96.1,92.8,97.9,(±2.4),303,90.0,NaN,94.7,89.2,97.5,(±3.9),238,90.0,NaN,93.7,89.1,96.4,(±3.5),224,90.0,NaN,90.8,85.6,94.2,(±4.2),307,90.0,NaN,95.8,92.2,97.8,(±2.7),231,90.0,96.6,93.9,98.1,(±2.0),367,90.0,NaN,94.3,90.4,96.7,(±3.1),293,90.0,NaN,95.6,90.9,97.9,(±3.3),207,90.0,94.6,89.6,97.3,(±3.7),207,90.0,NaN,94.5,90.4,96.9,(±3.2),272,90.0,NaN,95.4,91.0,97.7,(±3.2),239,90.0,95.3,91.2,97.5,(±3),249,90.0
South Carolina,92.7,88.7,95.3,(±3.2),309,90.0,NaN,95.4,92.5,97.2,(±2.3),296,90.0,NaN,92.6,86.3,96.2,(±4.7),261,90.0,NaN,91.6,86.9,94.6,(±3.8),256,90.0,NaN,92.0,86.3,95.5,(±4.5),251,90.0,NaN,87.3,80.4,92.0,(±5.7),276,90.0,NaN,93.9,89.6,96.5,(±3.3),330,90.0,NaN,92.5,88.6,95.2,(±3.2),364,90.0,NaN,88.5,83.1,92.4,(±4.6),345,90.0,NaN,86.9,81.2,91.1,(±4.9),257,90.0,NaN,91.7,87.7,94.5,(±3.3),300,90.0,89.3,83.4,93.3,(±4.9),269,90.0,NaN,93.2,88.7,96.0,(±3.5),299,90.0,NaN,89.2,82.7,93.4,(±5.3),207,90.0,90.8,84.0,94.9,(±5.3),249,90.0,NaN,88.5,82.4,92.7,(±5.1),259,90.0,NaN,93.5,89.5,96.1,(±3.2),282,90.0,88.0,81.6,92.4,(±5.3),238,90.0
South Dakota,90.9,85.9,94.2,(±4.1),303,90.0,NaN,93.0,89.1,95.6,(±3.2),270,90.0,NaN,95.5,90.6,97.9,(±3.4),282,90.0,NaN,91.3,86.0,94.8,(±4.3),256,90.0,NaN,93.7,88.2,96.7,(±4.1),266,90.0,NaN,94.4,90.5,96.8,(±3),262,90.0,NaN,94.3,90.4,96.7,(±3.1),296,90.0,NaN,95.0,91.9,97.0,(±2.4),247,90.0,NaN,93.7,89.6,96.3,(±3.2),305,90.0,NaN,92.8,88.5,95.6,(±3.5),230,90.0,NaN,92.1,87.7,95.0,(±3.6),285,90.0,89.2,80.2,94.4,(±6.9),254,90.0,NaN,93.3,89.7,95.8,(±3.0),275,90.0,NaN,93.1,87.2,96.4,(±4.4),189,90.0,94.1,88.2,97.2,(±4.2),199,90.0,NaN,91.4,85.3,95.1,(±4.8),219,90.0,NaN,93.6,89.3,96.3,(±3.4),262,90.0,89.9,84.2,93.7,(±4.6),244,90.0
Tennessee,90.8,87.6,93.3,(±2.8),858,90.0,NaN,94.2,91.7,96.0,(±2.1),917,90.0,NaN,92.5,89.7,94.6,(±2.4),826,90.0,NaN,94.6,92.2,96.4,(±2),892,90.0,NaN,91.3,87.7,93.9,(±3.1),818,90.0,NaN,92.0,88.7,94.5,(±2.9),713,90.0,NaN,93.0,89.1,95.5,(±3.1),543,90.0,NaN,94.5,88.3,97.5,(±4.3),271,90.0,NaN,95.6,91.3,97.8,(±3),335,90.0,NaN,94.7,91.3,96.8,(±2.7),339,90.0,NaN,93.9,89.7,96.5,(±3.3),277,90.0,91.1,86.3,94.3,(±3.9),297,90.0,NaN,92.2,87.1,95.4,(±4.0),303,90.0,NaN,92.3,86.6,95.7,(±4.4),260,90.0,95.8,92.5,97.6,(±2.4),273,90.0,NaN,90.2,84.3,94.1,(±4.8),210,90.0,NaN,86.2,79.8,90.8,(±5.4),237,90.0,92.3,87.0,95.6,(±4.2),272,90.0
TN-Davidson County,88.0,81.7,92.3,(±5.2),295,90.0,NaN,92.4,88.4,95.1,(±3.3),325,90.0,NaN,90.4,84.1,94.4,(±5),263,90.0,NaN,93.4,88.6,96.2,(±3.7),276,90.0,NaN,95.2,91.4,97.4,(±2.9),259,90.0,NaN,92.5,86.3,96.0,(±4.7),232,90.0,NaN,,NaN,NaN,NA,,90.0,NaN,,NaN,NaN,NA,,90.0,NaN,,NaN,NaN,NA,,90.0,NaN,,NaN,NaN,NA,,90.0,NaN,NaN,NaN,NaN,NaN,NaN,NaN,NaN,NaN,NaN,NaN,NaN,NaN,NaN,NaN,NaN,NaN,NaN,NaN,NaN,NaN,NaN,NaN,NaN,NaN,NaN,NaN,NaN,NaN,NaN,NaN,NaN,NaN,NaN,NaN,NaN,NaN,NaN,NaN,NaN,NaN,,NaN,NaN,NA,,90.0,,NaN,NaN,NA,,90.0
TN-Shelby County,92.0,87.9,94.8,(±3.4),267,90.0,NaN,90.4,85.0,94.0,(±4.4),296,90.0,NaN,86.2,79.1,91.2,(±6),289,90.0,NaN,93.8,89.7,96.4,(±3.2),330,90.0,NaN,89.1,83.6,93.0,(±4.6),286,90.0,NaN,86.6,79.3,91.6,(±6),259,90.0,NaN,86.7,79.8,91.4,(±5.7),304,90.0,NaN,,NaN,NaN,NA,,90.0,NaN,,NaN,NaN,NA,,90.0,NaN,,NaN,NaN,NA,,90.0,NaN,NaN,NaN,NaN,NaN,NaN,NaN,NaN,NaN,NaN,NaN,NaN,NaN,NaN,NaN,NaN,NaN,NaN,NaN,NaN,NaN,NaN,NaN,NaN,NaN,NaN,NaN,NaN,NaN,NaN,NaN,NaN,NaN,NaN,NaN,NaN,NaN,NaN,NaN,NaN,NaN,,NaN,NaN,NA,,90.0,,NaN,NaN,NA,,90.0
TN-Rest of State,91.0,86.3,94.1,(±3.8),296,90.0,NaN,95.5,91.9,97.5,(±2.7),296,90.0,NaN,94.6,90.8,96.8,(±2.9),274,90.0,NaN,95.1,91.6,97.2,(±2.7),286,90.0,NaN,91.2,86.1,94.6,(±4.1),273,90.0,NaN,93.4,88.6,96.2,(±3.6),222,90.0,NaN,94.4,89.5,97.0,(±3.6),239,90.0,NaN,94.5,88.3,97.5,(±4.3),271,90.0,NaN,95.6,91.3,97.8,(±3),335,90.0,NaN,94.7,91.3,96.8,(±2.7),339,90.0,NaN,NaN,NaN,NaN,NaN,NaN,NaN,NaN,NaN,NaN,NaN,NaN,NaN,NaN,NaN,NaN,NaN,NaN,NaN,NaN,NaN,NaN,NaN,NaN,NaN,NaN,NaN,NaN,NaN,NaN,NaN,NaN,NaN,NaN,NaN,NaN,NaN,NaN,NaN,NaN,NaN,,NaN,NaN,NA,,90.0,,NaN,NaN,NA,,90.0
Texas,86.2,82.6,89.2,(±3.3),1600,90.0,NaN,90.1,87.2,92.4,(±2.6),1596,90.0,NaN,87.7,83.3,91.0,(±3.9),1345,90.0,NaN,91.4,88.6,93.6,(±2.5),1417,90.0,NaN,89.2,86.1,91.6,(±2.7),1454,90.0,NaN,89.1,85.6,91.8,(±3.1),1199,90.0,NaN,92.1,89.8,93.9,(±2),1422,90.0,NaN,90.4,87.4,92.7,(±2.6),1432,90.0,NaN,93.7,90.7,95.8,(±2.5),1377,90.0,NaN,88.5,84.9,91.3,(±3.2),1266,90.0,NaN,91.8,89.2,93.9,(±2.4),1379,90.0,94.3,92.4,95.8,(±1.7),1683,90.0,NaN,89.7,87.0,91.9,(±2.4),1736,90.0,NaN,92.7,89.4,95.1,(±2.8),1045,90.0,90.4,86.7,93.1,(±3.2),1299,90.0,NaN,92.5,89.8,94.6,(±2.4),1500,90.0,NaN,89.8,86.5,92.3,(±2.9),1305,90.0,90.3,87.8,92.4,(±2.3),1545,90.0
TX-Bexar County,83.2,77.1,87.9,(±5.4),330,90.0,NaN,91.2,86.9,94.2,(±3.6),329,90.0,NaN,91.3,86.2,94.6,(±4.1),273,90.0,NaN,91.8,86.9,95.0,(±4),257,90.0,NaN,89.9,84.1,93.8,(±4.8),266,90.0,NaN,89.2,83.5,93.2,(±4.8),218,90.0,NaN,89.2,83.5,93.1,(±4.7),249,90.0,NaN,90.9,86.2,94.1,(±3.9),313,90.0,NaN,92.8,87.9,95.8,(±3.9),288,90.0,NaN,87.6,80.9,92.2,(±5.6),242,90.0,NaN,94.6,91.1,96.8,(±2.8),319,90.0,91.5,86.4,94.8,(±4.1),350,90.0,NaN,90.9,86.0,94.2,(±4.0),281,90.0,NaN,93.0,88.3,95.9,(±3.7),228,90.0,92.3,87.0,95.6,(±4.2),294,90.0,NaN,89.2,83.0,93.3,(±5.0),224,90.0,NaN,91.5,85.0,95.3,(±5),213,90.0,96.1,92.5,98.0,(±2.6),239,90.0
TX-City of Houston,84.0,78.0,88.6,(±5.3),299,90.0,NaN,83.5,77.6,88.1,(±5.2),249,90.0,NaN,84.7,77.6,89.9,(±6.1),227,90.0,NaN,89.7,85.0,93.1,(±4),281,90.0,NaN,86.0,80.4,90.2,(±4.9),303,90.0,NaN,92.3,86.3,95.8,(±4.6),252,90.0,NaN,87.8,82.6,91.5,(±4.4),287,90.0,NaN,89.4,84.9,92.7,(±3.8),320,90.0,NaN,90.8,85.6,94.2,(±4.2),269,90.0,NaN,86.9,81.1,91.1,(±4.9),233,90.0,NaN,93.8,88.7,96.7,(±3.8),277,90.0,95.3,91.4,97.5,(±2.9),314,90.0,NaN,92.2,86.0,95.8,(±4.7),268,90.0,NaN,92.4,86.5,95.9,(±4.5),204,90.0,92.4,86.4,95.8,(±4.5),255,90.0,NaN,92.8,87.8,95.8,(±3.9),214,90.0,NaN,94.5,89.2,97.3,(±3.8),173,90.0,87.8,79.3,93.2,(±6.8),122,90.0
TX-Dallas County,85.2,80.2,89.1,(±4.4),313,90.0,NaN,87.1,82.4,90.7,(±4.1),323,90.0,NaN,89.4,84.9,92.7,(±3.9),289,90.0,NaN,90.2,84.7,93.8,(±4.5),311,90.0,NaN,89.5,84.3,93.2,(±4.4),283,90.0,NaN,87.4,79.7,92.5,(±6.3),168,90.0,NaN,92.9,87.0,96.2,(±4.4),208,90.0,NaN,89.9,84.9,93.3,(±4.1),276,90.0,NaN,91.4,86.6,94.5,(±3.9),299,90.0,NaN,84.9,77.7,90.1,(±6.1),235,90.0,NaN,91.1,86.2,94.4,(±4.0),252,90.0,90.8,85.5,94.3,(±4.3),320,90.0,NaN,86.5,79.9,91.2,(±5.6),323,90.0,NaN,NaN,NaN,NaN,NaN,NaN,NaN,NaN,NaN,NaN,NaN,NaN,NaN,NaN,NaN,NaN,NaN,NaN,NaN,NaN,NaN,91.2,84.5,95.1,(±5.1),186,90.0,93.2,87.0,96.6,(±4.6),167,90.0
TX-El Paso County,87.9,83.3,91.4,(±4),312,90.0,NaN,83.9,77.9,88.6,(±5.3),349,90.0,NaN,92.1,87.7,95.1,(±3.6),278,90.0,NaN,91.7,86.7,94.9,(±4),241,90.0,NaN,90.1,84.8,93.7,(±4.4),261,90.0,NaN,89.3,83.9,93.1,(±4.5),253,90.0,NaN,89.0,83.7,92.7,(±4.4),297,90.0,NaN,90.3,84.4,94.1,(±4.8),225,90.0,NaN,93.0,89.6,95.3,(±2.8),281,90.0,NaN,87.1,82.0,90.9,(±4.4),313,90.0,NaN,87.0,80.6,91.6,(±5.4),201,90.0,92.8,87.4,96.0,(±4.1),270,90.0,NaN,87.1,81.7,91.1,(±4.7),317,90.0,NaN,93.7,89.4,96.3,(±3.3),241,90.0,94.3,89.8,96.9,(±3.4),296,90.0,NaN,90.6,85.0,94.2,(±4.5),211,90.0,NaN,94.8,90.0,97.4,(±3.5),191,90.0,89.3,82.7,93.5,(±5.3),198,90.0
TX-Hidalgo County,,NaN,NaN,NA,,90.0,NaN,,NaN,NaN,NA,,90.0,NaN,,NaN,NaN,NA,,90.0,NaN,,NaN,NaN,NA,,90.0,NaN,,NaN,NaN,NA,,90.0,NaN,,NaN,NaN,NA,,90.0,NaN,NaN,NaN,NaN,NaN,NaN,NaN,NaN,NaN,NaN,NaN,NaN,NaN,NaN,NaN,NaN,NaN,NaN,NaN,NaN,NaN,NaN,NaN,NaN,NaN,NaN,NaN,NaN,NaN,NaN,NaN,NaN,NaN,NaN,NaN,NaN,NaN,NaN,NaN,NaN,NaN,NaN,NaN,NaN,NaN,NaN,NaN,NaN,NaN,NaN,NaN,NaN,NaN,NaN,NaN,NaN,NaN,NaN,NaN,NaN,NaN,NaN,NaN,NaN,NaN,NaN,NaN,NaN,NaN,,NaN,NaN,NA,,90.0,,NaN,NaN,NA,,90.0
TX-Tarrant County,NaN,NaN,NaN,NaN,NaN,NaN,NaN,NaN,NaN,NaN,NaN,NaN,NaN,NaN,NaN,NaN,NaN,NaN,NaN,NaN,NaN,NaN,NaN,NaN,NaN,NaN,NaN,NaN,NaN,NaN,NaN,NaN,NaN,NaN,NaN,NaN,NaN,NaN,NaN,NaN,NaN,NaN,NaN,NaN,NaN,NaN,NaN,NaN,NaN,NaN,NaN,NaN,NaN,NaN,NaN,NaN,NaN,NaN,NaN,NaN,NaN,NaN,NaN,NaN,NaN,NaN,NaN,NaN,NaN,NaN,NaN,NaN,NaN,NaN,NaN,NaN,NaN,NaN,NaN,NaN,NaN,NaN,NaN,NaN,NaN,NaN,NaN,NaN,NaN,NaN,NaN,NaN,NaN,NaN,NaN,NaN,NaN,NaN,NaN,NaN,NaN,NaN,NaN,NaN,NaN,NaN,NaN,NaN,NaN,NaN,NaN,NaN,NaN,NaN,NaN,NaN,NaN,NaN,NaN,NaN,NaN,NaN
TX-Travis County,NaN,NaN,NaN,NaN,NaN,NaN,NaN,NaN,NaN,NaN,NaN,NaN,NaN,NaN,NaN,NaN,NaN,NaN,NaN,NaN,NaN,NaN,NaN,NaN,NaN,NaN,NaN,NaN,NaN,NaN,NaN,NaN,NaN,NaN,NaN,NaN,NaN,NaN,NaN,NaN,NaN,NaN,NaN,NaN,NaN,NaN,NaN,NaN,NaN,NaN,NaN,NaN,NaN,NaN,NaN,NaN,NaN,NaN,NaN,NaN,NaN,NaN,NaN,NaN,NaN,NaN,NaN,NaN,NaN,NaN,NaN,NaN,NaN,NaN,NaN,NaN,NaN,NaN,NaN,NaN,NaN,NaN,NaN,NaN,NaN,NaN,NaN,NaN,NaN,NaN,NaN,NaN,NaN,NaN,NaN,NaN,NaN,NaN,NaN,NaN,NaN,NaN,NaN,NaN,NaN,NaN,NaN,NaN,NaN,NaN,NaN,NaN,NaN,NaN,NaN,NaN,92.1,87.1,95.3,(±4),220,90.0
TX-Rest of State,87.0,81.4,91.1,(±4.8),346,90.0,NaN,92.2,87.4,95.2,(±3.8),346,90.0,NaN,87.3,80.4,92.0,(±5.7),278,90.0,NaN,91.9,87.5,94.8,(±3.5),327,90.0,NaN,89.6,84.9,92.9,(±4),341,90.0,NaN,88.8,83.6,92.5,(±4.4),308,90.0,NaN,93.2,89.9,95.6,(±2.8),381,90.0,NaN,90.6,86.1,93.8,(±3.8),298,90.0,NaN,94.7,89.7,97.4,(±3.6),240,90.0,NaN,89.5,84.0,93.3,(±4.6),243,90.0,NaN,91.6,87.5,94.4,(±3.4),330,90.0,95.1,92.2,96.9,(±2.3),429,90.0,NaN,89.7,85.9,92.6,(±3.3),547,90.0,NaN,92.7,88.3,95.5,(±3.5),372,90.0,89.7,84.9,93.1,(±4.1),454,90.0,NaN,93.3,89.4,95.8,(±3.1),596,90.0,NaN,88.2,83.3,91.8,(±4.2),542,90.0,89.7,85.9,92.6,(±3.3),599,90.0
Utah,87.7,83.2,91.1,(±3.9),302,90.0,NaN,89.2,84.8,92.5,(±3.8),305,90.0,NaN,94.0,89.9,96.5,(±3.2),274,90.0,NaN,88.6,83.0,92.5,(±4.7),269,90.0,NaN,89.8,85.4,93.1,(±3.8),297,90.0,NaN,89.0,82.2,93.4,(±5.5),204,90.0,NaN,92.4,87.2,95.6,(±4.1),226,90.0,NaN,90.9,86.0,94.2,(±4),309,90.0,NaN,90.8,84.6,94.6,(±4.9),232,90.0,NaN,91.3,86.3,94.6,(±4.1),289,90.0,NaN,85.5,79.6,89.8,(±5.1),348,90.0,88.8,83.3,92.6,(±4.6),353,90.0,NaN,87.3,80.7,91.9,(±5.5),271,90.0,NaN,92.6,88.1,95.4,(±3.6),249,90.0,85.3,77.8,90.6,(±6.4),263,90.0,NaN,89.2,82.9,93.4,(±5.2),247,90.0,NaN,88.6,81.9,93.1,(±5.5),252,90.0,88.7,83.5,92.5,(±4.4),249,90.0
Vermont,92.3,88.3,95.0,(±3.3),322,90.0,NaN,95.2,92.4,97.0,(±2.2),334,90.0,NaN,94.7,91.4,96.8,(±2.6),284,90.0,NaN,96.4,93.2,98.2,(±2.4),288,90.0,NaN,94.4,90.2,96.8,(±3.2),290,90.0,NaN,92.6,87.4,95.8,(±4),173,90.0,NaN,95.1,91.9,97.0,(±2.5),222,90.0,NaN,93.6,86.0,97.2,(±5.2),210,90.0,NaN,88.1,82.6,92.0,(±4.6),232,90.0,NaN,91.9,88.1,94.6,(±3.2),331,90.0,NaN,92.7,88.7,95.4,(±3.3),235,90.0,95.3,92.3,97.1,(±2.3),276,90.0,NaN,91.7,87.1,94.7,(±3.8),257,90.0,NaN,91.2,86.3,94.5,(±4.0),280,90.0,93.2,88.9,95.9,(±3.4),246,90.0,NaN,95.5,91.9,97.6,(±2.7),262,90.0,NaN,95.2,91.4,97.3,(±2.8),287,90.0,93.7,89.1,96.4,(±3.5),251,90.0
Virginia,91.0,86.0,94.3,(±4.1),275,90.0,NaN,90.7,85.3,94.2,(±4.4),243,90.0,NaN,90.3,85.2,93.7,(±4.2),272,90.0,NaN,92.9,87.7,96.0,(±4),280,90.0,NaN,96.6,93.3,98.3,(±2.4),273,90.0,NaN,93.3,87.7,96.4,(±4.2),266,90.0,NaN,93.6,89.2,96.3,(±3.4),280,90.0,NaN,90.9,86.3,94.0,(±3.8),342,90.0,NaN,92.3,85.2,96.2,(±5.2),225,90.0,NaN,85.8,77.7,91.4,(±6.8),278,90.0,NaN,92.3,88.0,95.1,(±3.5),382,90.0,89.0,82.6,93.2,(±5.2),394,90.0,NaN,94.3,88.9,97.2,(±3.9),294,90.0,NaN,88.6,79.6,94.0,(±7.0),274,90.0,91.5,84.8,95.3,(±5.1),286,90.0,NaN,83.4,75.6,89.1,(±6.7),373,90.0,NaN,90.4,83.2,94.7,(±5.6),368,90.0,97.6,94.8,98.9,(±1.9),356,90.0
Washington,89.3,86.2,91.8,(±2.8),575,90.0,NaN,87.8,83.8,90.9,(±3.5),600,90.0,NaN,89.6,86.1,92.3,(±3.1),548,90.0,NaN,93.5,90.1,95.8,(±2.8),580,90.0,NaN,92.3,89.0,94.7,(±2.8),548,90.0,NaN,90.6,86.4,93.6,(±3.5),397,90.0,NaN,87.5,83.6,90.6,(±3.5),666,90.0,NaN,90.5,85.9,93.7,(±3.9),447,90.0,NaN,91.2,87.0,94.1,(±3.5),430,90.0,NaN,90.8,87.4,93.4,(±3),472,90.0,NaN,89.8,85.6,92.9,(±3.6),427,90.0,89.3,84.1,93.0,(±4.4),295,90.0,NaN,84.8,78.0,89.8,(±5.8),256,90.0,NaN,93.5,88.4,96.4,(±3.9),222,90.0,86.3,78.9,91.4,(±6.2),238,90.0,NaN,95.3,91.8,97.3,(±2.6),309,90.0,NaN,91.1,85.9,94.4,(±4.2),320,90.0,88.5,82.6,92.6,(±4.9),272,90.0
WA-Eastern WA Counties,,NaN,NaN,NA,,90.0,NaN,,NaN,NaN,NA,,90.0,NaN,,NaN,NaN,NA,,90.0,NaN,,NaN,NaN,NA,,90.0,NaN,,NaN,NaN,NA,,90.0,NaN,,NaN,NaN,NA,,90.0,NaN,93.7,89.7,96.3,(±3.2),259,90.0,NaN,,NaN,NaN,NA,,90.0,NaN,,NaN,NaN,NA,,90.0,NaN,,NaN,NaN,NA,,90.0,NaN,89.2,83.5,93.1,(±4.7),206,90.0,,NaN,NaN,NA,,90.0,NaN,,NaN,NaN,NA,,90.0,NaN,NaN,NaN,NaN,NaN,NaN,NaN,NaN,NaN,NaN,NaN,NaN,NaN,NaN,NaN,NaN,NaN,NaN,NaN,NaN,NaN,,NaN,NaN,NA,,90.0,,NaN,NaN,NA,,90.0
WA-King County,85.7,80.4,89.7,(±4.6),264,90.0,NaN,89.0,84.1,92.6,(±4.2),287,90.0,NaN,92.4,88.3,95.1,(±3.3),279,90.0,NaN,95.0,91.3,97.2,(±2.8),293,90.0,NaN,94.8,90.9,97.0,(±3),263,90.0,NaN,92.1,84.9,96.1,(±5.3),190,90.0,NaN,86.3,78.9,91.4,(±6.2),200,90.0,NaN,,NaN,NaN,NA,,90.0,NaN,,NaN,NaN,NA,,90.0,NaN,,NaN,NaN,NA,,90.0,NaN,NaN,NaN,NaN,NaN,NaN,NaN,NaN,NaN,NaN,NaN,NaN,NaN,NaN,NaN,NaN,NaN,NaN,NaN,NaN,NaN,NaN,NaN,NaN,NaN,NaN,NaN,NaN,NaN,NaN,NaN,NaN,NaN,NaN,NaN,NaN,NaN,NaN,NaN,NaN,NaN,,NaN,NaN,NA,,90.0,,NaN,NaN,NA,,90.0
WA-Western Counties,,NaN,NaN,NA,,90.0,NaN,,NaN,NaN,NA,,90.0,NaN,,NaN,NaN,NA,,90.0,NaN,,NaN,NaN,NA,,90.0,NaN,,NaN,NaN,NA,,90.0,NaN,,NaN,NaN,NA,,90.0,NaN,,NaN,NaN,NA,,90.0,NaN,91.9,87.1,95.0,(±3.9),233,90.0,NaN,,NaN,NaN,NA,,90.0,NaN,,NaN,NaN,NA,,90.0,NaN,90.0,84.6,93.7,(±4.5),221,90.0,,NaN,NaN,NA,,90.0,NaN,,NaN,NaN,NA,,90.0,NaN,NaN,NaN,NaN,NaN,NaN,NaN,NaN,NaN,NaN,NaN,NaN,NaN,NaN,NaN,NaN,NaN,NaN,NaN,NaN,NaN,,NaN,NaN,NA,,90.0,,NaN,NaN,NA,,90.0
WA-Eastern/Western WA Counties,,NaN,NaN,NA,,90.0,NaN,,NaN,NaN,NA,,90.0,NaN,,NaN,NaN,NA,,90.0,NaN,,NaN,NaN,NA,,90.0,NaN,,NaN,NaN,NA,,90.0,NaN,,NaN,NaN,NA,,90.0,NaN,,NaN,NaN,NA,,90.0,NaN,,NaN,NaN,NA,,90.0,NaN,89.6,85.0,93.0,(±4),237,90.0,NaN,87.8,82.6,91.5,(±4.4),274,90.0,NaN,NaN,NaN,NaN,NaN,NaN,NaN,NaN,NaN,NaN,NaN,NaN,NaN,NaN,NaN,NaN,NaN,NaN,NaN,NaN,NaN,NaN,NaN,NaN,NaN,NaN,NaN,NaN,NaN,NaN,NaN,NaN,NaN,NaN,NaN,NaN,NaN,NaN,NaN,NaN,NaN,,NaN,NaN,NA,,90.0,,NaN,NaN,NA,,90.0
WA-Rest of State,90.7,86.7,93.6,(±3.4),311,90.0,NaN,87.4,82.0,91.3,(±4.6),313,90.0,NaN,88.5,83.8,92.0,(±4.1),269,90.0,NaN,92.9,88.2,95.8,(±3.7),287,90.0,NaN,91.4,86.9,94.4,(±3.7),285,90.0,NaN,89.9,84.5,93.6,(±4.5),207,90.0,NaN,86.8,80.9,91.0,(±5),207,90.0,NaN,90.2,84.5,94.0,(±4.6),214,90.0,NaN,91.9,85.8,95.5,(±4.7),193,90.0,NaN,92.1,87.4,95.2,(±3.8),198,90.0,NaN,NaN,NaN,NaN,NaN,NaN,NaN,NaN,NaN,NaN,NaN,NaN,NaN,NaN,NaN,NaN,NaN,NaN,NaN,NaN,NaN,NaN,NaN,NaN,NaN,NaN,NaN,NaN,NaN,NaN,NaN,NaN,NaN,NaN,NaN,NaN,NaN,NaN,NaN,NaN,NaN,,NaN,NaN,NA,,90.0,,NaN,NaN,NA,,90.0
West Virginia,92.6,88.7,95.2,(±3.2),277,90.0,NaN,93.4,89.3,96.0,(±3.2),288,90.0,NaN,93.6,89.9,96.0,(±3),256,90.0,NaN,88.7,81.6,93.3,(±5.8),228,90.0,NaN,94.6,88.1,97.6,(±4.4),308,90.0,NaN,85.7,79.9,90.0,(±5),223,90.0,NaN,91.1,85.8,94.6,(±4.3),248,90.0,NaN,96.2,93.4,97.8,(±2.1),282,90.0,NaN,88.3,82.3,92.5,(±5),300,90.0,NaN,89.2,82.1,93.7,(±5.7),212,90.0,NaN,92.0,87.9,94.8,(±3.4),304,90.0,85.8,80.9,89.6,(±4.3),373,90.0,NaN,84.6,77.6,89.7,(±6.0),250,90.0,NaN,86.0,79.2,90.9,(±5.8),213,90.0,88.9,82.3,93.2,(±5.4),259,90.0,NaN,86.7,79.8,91.4,(±5.7),241,90.0,NaN,89.6,84.5,93.2,(±4.3),235,90.0,89.9,84.8,93.4,(±4.2),298,90.0
Wisconsin,91.3,88.3,93.6,(±2.6),559,90.0,NaN,91.4,88.2,93.8,(±2.8),605,90.0,NaN,92.9,89.4,95.3,(±2.9),552,90.0,NaN,94.2,90.6,96.4,(±2.8),516,90.0,NaN,93.6,90.0,96.0,(±2.9),549,90.0,NaN,91.6,87.6,94.3,(±3.3),417,90.0,NaN,94.0,90.7,96.2,(±2.7),495,90.0,NaN,91.4,85.5,95.0,(±4.6),253,90.0,NaN,94.3,88.9,97.1,(±3.9),222,90.0,NaN,94.4,91.0,96.5,(±2.7),317,90.0,NaN,93.2,89.1,95.8,(±3.3),296,90.0,94.9,91.4,97.0,(±2.7),307,90.0,NaN,89.3,82.9,93.4,(±5.2),277,90.0,NaN,93.2,87.5,96.4,(±4.2),221,90.0,93.2,87.6,96.4,(±4.2),240,90.0,NaN,92.4,86.9,95.7,(±4.3),245,90.0,NaN,90.6,84.1,94.6,(±5.1),221,90.0,89.9,83.7,93.9,(±5),218,90.0
WI-Milwaukee County,82.9,76.9,87.6,(±5.3),275,90.0,NaN,88.4,83.2,92.2,(±4.5),315,90.0,NaN,90.1,84.7,93.8,(±4.4),265,90.0,NaN,96.8,93.4,98.5,(±2.4),262,90.0,NaN,94.3,90.1,96.8,(±3.2),283,90.0,NaN,89.1,80.7,94.1,(±6.5),209,90.0,NaN,94.0,90.2,96.4,(±3),259,90.0,NaN,,NaN,NaN,NA,,90.0,NaN,,NaN,NaN,NA,,90.0,NaN,,NaN,NaN,NA,,90.0,NaN,NaN,NaN,NaN,NaN,NaN,NaN,NaN,NaN,NaN,NaN,NaN,NaN,NaN,NaN,NaN,NaN,NaN,NaN,NaN,NaN,NaN,NaN,NaN,NaN,NaN,NaN,NaN,NaN,NaN,NaN,NaN,NaN,NaN,NaN,NaN,NaN,NaN,NaN,NaN,NaN,,NaN,NaN,NA,,90.0,,NaN,NaN,NA,,90.0
WI-Rest of State,93.7,90.0,96.1,(±3),284,90.0,NaN,92.3,88.2,95.1,(±3.4),290,90.0,NaN,93.6,89.1,96.4,(±3.5),287,90.0,NaN,93.4,88.9,96.2,(±3.5),254,90.0,NaN,93.4,88.7,96.2,(±3.6),266,90.0,NaN,92.2,87.5,95.2,(±3.8),208,90.0,NaN,94.0,89.8,96.6,(±3.3),236,90.0,NaN,91.4,85.5,95.0,(±4.6),253,90.0,NaN,94.3,88.9,97.1,(±3.9),222,90.0,NaN,94.4,91.0,96.5,(±2.7),317,90.0,NaN,NaN,NaN,NaN,NaN,NaN,NaN,NaN,NaN,NaN,NaN,NaN,NaN,NaN,NaN,NaN,NaN,NaN,NaN,NaN,NaN,NaN,NaN,NaN,NaN,NaN,NaN,NaN,NaN,NaN,NaN,NaN,NaN,NaN,NaN,NaN,NaN,NaN,NaN,NaN,NaN,,NaN,NaN,NA,,90.0,,NaN,NaN,NA,,90.0
Wyoming,89.8,85.3,93.0,(±3.8),328,90.0,NaN,89.0,82.9,93.1,(±5),287,90.0,NaN,89.7,84.5,93.3,(±4.4),268,90.0,NaN,90.8,86.2,94.0,(±3.8),270,90.0,NaN,92.7,88.6,95.3,(±3.3),279,90.0,NaN,89.4,83.7,93.3,(±4.7),204,90.0,NaN,87.7,82.2,91.7,(±4.7),283,90.0,NaN,87.5,81.3,91.8,(±5.2),250,90.0,NaN,87.6,82.6,91.4,(±4.3),259,90.0,NaN,91.3,87.0,94.3,(±3.6),269,90.0,NaN,92.5,88.0,95.4,(±3.6),243,90.0,85.6,74.0,92.6,(±9.1),289,90.0,NaN,91.2,86.4,94.4,(±3.9),257,90.0,NaN,89.0,82.3,93.4,(±5.4),196,90.0,90.4,84.0,94.4,(±5.0),218,90.0,NaN,93.5,89.0,96.3,(±3.5),219,90.0,NaN,88.8,83.5,92.6,(±4.5),250,90.0,89.1,84.0,92.8,(±4.3),267,90.0
Guam,,NaN,NaN,NA,,90.0,NaN,,NaN,NaN,NA,,90.0,NaN,,NaN,NaN,NA,,90.0,NaN,,NaN,NaN,NA,,90.0,NaN,,NaN,NaN,NA,,90.0,NaN,,NaN,NaN,NA,,90.0,NaN,,NaN,NaN,NA,,90.0,NaN,,NaN,NaN,NA,,90.0,NaN,,NaN,NaN,NA,,90.0,NaN,,NaN,NaN,NA,,90.0,NaN,,NaN,NaN,NA,,90.0,,NaN,NaN,NA,,90.0,NaN,,NaN,NaN,NA,,90.0,NaN,NaN,NaN,NaN,NaN,NaN,NaN,NaN,NaN,NaN,NaN,NaN,NaN,NaN,NaN,NaN,NaN,NaN,NaN,NaN,NaN,90.3,85.8,93.5,(±3.8),314,90.0,82.5,76.6,87.2,(±5.3),266,90.0
Puerto Rico,,NaN,NaN,NA,,90.0,NaN,,NaN,NaN,NA,,90.0,NaN,,NaN,NaN,NA,,90.0,NaN,,NaN,NaN,NA,,90.0,NaN,,NaN,NaN,NA,,90.0,NaN,,NaN,NaN,NA,,90.0,NaN,,NaN,NaN,NA,,90.0,NaN,,NaN,NaN,NA,,90.0,NaN,,NaN,NaN,NA,,90.0,NaN,,NaN,NaN,NA,,90.0,NaN,,NaN,NaN,NA,,90.0,,NaN,NaN,NA,,90.0,NaN,,NaN,NaN,NA,,90.0,NaN,NaN,NaN,NaN,NaN,NaN,NaN,NaN,NaN,NaN,NaN,NaN,NaN,NaN,NaN,NaN,NaN,NaN,NaN,NaN,NaN,85.7,80.3,89.8,(±4.7),296,90.0,,NaN,NaN,NA,,90.0
U.S. Virgin Islands,,NaN,NaN,NA,,90.0,NaN,,NaN,NaN,NA,,90.0,NaN,,NaN,NaN,NA,,90.0,NaN,,NaN,NaN,NA,,90.0,NaN,,NaN,NaN,NA,,90.0,NaN,,NaN,NaN,NA,,90.0,NaN,,NaN,NaN,NA,,90.0,NaN,,NaN,NaN,NA,,90.0,NaN,,NaN,NaN,NA,,90.0,NaN,71.2,64.4,77.2,(±6.4),260,90.0,NaN,72.6,64.2,79.6,(±7.8),206,90.0,73.6,68.1,78.5,(±5.2),390,90.0,NaN,63.7,56.0,70.7,(±7.4),229,90.0,NaN,NaN,NaN,NaN,NaN,NaN,NaN,NaN,NaN,NaN,NaN,NaN,NaN,NaN,NaN,NaN,NaN,NaN,NaN,NaN,NaN,70.5,63.1,76.9,(±6.9),284,90.0,,NaN,NaN,NA,,90.0
United States,90.0,89.3,90.7,(±0.7),23102,NaN,NaN,91.1,90.5,91.7,(±0.6),23642,NaN,NaN,91.6,90.9,92.3,(±0.7),21410,NaN,NaN,93.0,92.4,93.6,(±0.6),21310,NaN,NaN,93.0,92.4,93.6,(±0.6),21998,NaN,NaN,91.5,90.8,92.2,(±0.7),17563,NaN,NaN,92.3,91.6,92.9,(±0.6),21044,NaN,NaN,92.3,91.6,93.0,(±0.7),17017,NaN,NaN,92.1,91.4,92.8,(±0.7),18430,NaN,NaN,90.0,89.2,90.8,(±0.8),17053,NaN,NaN,91.5,90.7,92.2,(±0.7),16798,NaN,91.6,90.8,92.3,(±0.8),19144,NaN,NaN,90.8,89.9,91.6,(±0.8),16687,NaN,NaN,91.9,90.9,92.7,(±0.9),13611,NaN,91.5,90.6,92.4,(±0.9),14893,NaN,NaN,91.9,91.0,92.7,(±0.8),15167,NaN,NaN,91.1,90.1,92.0,(±1),14988,NaN,91.5,90.6,92.3,(±0.9),15333,NaN
Region  1,95.0,93.4,96.2,(±1.4),2130,NaN,NaN,92.9,90.7,94.6,(±1.9),2219,NaN,NaN,95.1,93.4,96.3,(±1.5),1971,NaN,NaN,97.0,95.9,97.8,(±0.9),1923,NaN,NaN,95.1,93.3,96.4,(±1.6),1878,NaN,NaN,95.1,93.5,96.4,(±1.4),1311,NaN,NaN,95.8,94.3,96.9,(±1.3),1760,NaN,NaN,94.0,91.2,95.9,(±2.3),1317,NaN,NaN,94.1,91.6,96.0,(±2.2),1465,NaN,NaN,93.1,91.0,94.6,(±1.8),1639,NaN,NaN,94.1,91.6,95.9,(±2.1),1462,NaN,93.6,90.7,95.6,(±2.4),1862,NaN,NaN,93.7,91.6,95.3,(±1.8),1616,NaN,NaN,94.2,91.5,96.0,(±2.2),1376,NaN,94.3,92.0,96.0,(±2.0),1414,NaN,NaN,94.1,91.6,95.8,(±2.1),1507,NaN,NaN,96.4,95.0,97.4,(±1.2),1603,NaN,96.3,94.6,97.4,(±1.3),1544,NaN
Region  2,92.0,89.8,93.7,(±1.9),1223,NaN,NaN,91.9,89.5,93.8,(±2.2),1231,NaN,NaN,93.9,91.6,95.6,(±1.9),1052,NaN,NaN,94.6,92.6,96.0,(±1.7),1053,NaN,NaN,95.2,93.1,96.7,(±1.8),1088,NaN,NaN,90.4,87.5,92.7,(±2.6),938,NaN,NaN,94.4,92.3,96.0,(±1.8),1079,NaN,NaN,92.8,90.2,94.8,(±2.3),802,NaN,NaN,91.5,89.1,93.4,(±2.1),851,NaN,NaN,89.2,86.4,91.5,(±2.5),805,NaN,NaN,88.3,84.8,91.1,(±3.1),786,NaN,91.1,88.6,93.1,(±2.2),958,NaN,NaN,91.6,89.2,93.5,(±2.2),839,NaN,NaN,95.5,93.2,97.1,(±1.9),733,NaN,93.2,90.5,95.1,(±2.3),728,NaN,NaN,92.6,90.0,94.6,(±2.2),838,NaN,NaN,93.7,91.3,95.4,(±2),814,NaN,91.4,89.1,93.3,(±2.1),899,NaN
Region  3,91.5,89.5,93.1,(±1.8),2328,NaN,NaN,93.3,91.5,94.7,(±1.6),2327,NaN,NaN,92.5,90.1,94.4,(±2.1),2099,NaN,NaN,93.3,91.0,95.1,(±2),2201,NaN,NaN,95.4,93.7,96.6,(±1.5),2342,NaN,NaN,93.1,90.6,95.0,(±2.2),1788,NaN,NaN,94.3,92.4,95.7,(±1.6),2347,NaN,NaN,93.8,92.1,95.2,(±1.6),2074,NaN,NaN,92.5,90.2,94.3,(±2),2303,NaN,NaN,88.5,85.3,91.0,(±2.9),2090,NaN,NaN,92.0,90.0,93.7,(±1.8),2161,NaN,91.8,89.6,93.5,(±1.9),2790,NaN,NaN,90.5,87.7,92.6,(±2.4),2035,NaN,NaN,92.1,89.1,94.3,(±2.6),1824,NaN,92.2,89.8,94.1,(±2.1),2030,NaN,NaN,89.6,86.8,91.9,(±2.5),2103,NaN,NaN,92.2,89.6,94.1,(±2.3),2073,NaN,93.5,90.9,95.4,(±2.2),2059,NaN
Region  4,90.7,89.2,91.9,(±1.3),4029,NaN,NaN,92.9,91.6,94.1,(±1.2),4110,NaN,NaN,92.1,90.7,93.3,(±1.3),3839,NaN,NaN,93.8,92.6,94.9,(±1.1),3865,NaN,NaN,93.5,92.0,94.7,(±1.3),3795,NaN,NaN,92.2,90.4,93.7,(±1.6),3134,NaN,NaN,92.7,91.2,94.0,(±1.4),3423,NaN,NaN,92.9,91.1,94.4,(±1.6),2549,NaN,NaN,92.0,90.4,93.4,(±1.5),3041,NaN,NaN,91.7,90.0,93.2,(±1.6),2419,NaN,NaN,93.3,91.8,94.5,(±1.3),2404,NaN,91.8,89.9,93.3,(±1.7),2530,NaN,NaN,91.3,89.2,93.0,(±1.9),2318,NaN,NaN,93.0,91.1,94.5,(±1.7),1671,NaN,92.8,90.7,94.4,(±1.8),1950,NaN,NaN,91.3,89.2,93.0,(±1.9),2035,NaN,NaN,91.6,89.7,93.1,(±1.7),2064,NaN,91.6,89.6,93.2,(±1.8),2192,NaN
Region  5,89.9,88.5,91.2,(±1.4),3346,NaN,NaN,90.1,88.6,91.4,(±1.4),3607,NaN,NaN,92.7,91.4,93.9,(±1.2),3381,NaN,NaN,93.6,92.2,94.9,(±1.3),3177,NaN,NaN,93.1,91.5,94.3,(±1.4),3359,NaN,NaN,92.6,91.0,94.0,(±1.5),2379,NaN,NaN,91.5,89.6,93.2,(±1.8),2901,NaN,NaN,91.6,89.8,93.1,(±1.6),2374,NaN,NaN,91.1,89.5,92.5,(±1.5),2436,NaN,NaN,90.0,88.0,91.7,(±1.8),2541,NaN,NaN,92.0,90.4,93.4,(±1.5),2057,NaN,91.8,89.8,93.4,(±1.8),2399,NaN,NaN,90.6,88.7,92.3,(±1.8),1965,NaN,NaN,90.1,88.0,91.8,(±1.9),1615,NaN,92.5,90.6,94.1,(±1.8),1807,NaN,NaN,90.9,88.9,92.6,(±1.8),1797,NaN,NaN,90.6,88.3,92.4,(±2.1),1684,NaN,90.6,88.7,92.1,(±1.7),1712,NaN
Region  6,86.7,84.3,88.8,(±2.3),3088,NaN,NaN,89.3,87.3,91.1,(±1.9),3220,NaN,NaN,88.1,85.2,90.5,(±2.7),2709,NaN,NaN,90.8,88.8,92.5,(±1.8),2748,NaN,NaN,89.7,87.5,91.5,(±2),2931,NaN,NaN,89.3,86.9,91.3,(±2.2),2411,NaN,NaN,91.4,89.7,92.8,(±1.6),2725,NaN,NaN,90.8,88.7,92.5,(±1.9),2598,NaN,NaN,93.4,91.3,95.0,(±1.8),2605,NaN,NaN,89.2,86.7,91.3,(±2.3),2478,NaN,NaN,91.3,89.3,92.9,(±1.8),2590,NaN,94.0,92.6,95.2,(±1.3),2947,NaN,NaN,89.9,88.0,91.6,(±1.8),2878,NaN,NaN,91.5,89.2,93.3,(±2.1),2013,NaN,90.8,88.2,92.9,(±2.3),2341,NaN,NaN,92.3,90.3,93.9,(±1.8),2416,NaN,NaN,90.1,87.8,92.1,(±2.1),2243,NaN,90.7,88.8,92.3,(±1.7),2537,NaN
Region  7,90.4,88.0,92.3,(±2.1),1132,NaN,NaN,90.4,88.0,92.4,(±2.2),1135,NaN,NaN,93.8,91.8,95.4,(±1.7),1127,NaN,NaN,92.1,90.0,93.9,(±1.9),1078,NaN,NaN,93.1,90.6,95.0,(±2.1),1086,NaN,NaN,91.8,89.7,93.5,(±1.9),1205,NaN,NaN,93.3,90.8,95.2,(±2.2),1299,NaN,NaN,91.5,88.6,93.7,(±2.6),980,NaN,NaN,91.7,89.2,93.6,(±2.2),1196,NaN,NaN,91.2,88.3,93.4,(±2.5),1057,NaN,NaN,91.6,89.2,93.5,(±2.1),1090,NaN,89.5,86.9,91.6,(±2.3),1345,NaN,NaN,91.4,88.9,93.4,(±2.2),1119,NaN,NaN,91.1,88.0,93.4,(±2.7),848,NaN,92.0,89.2,94.2,(±2.5),942,NaN,NaN,93.2,90.7,95.0,(±2.1),964,NaN,NaN,93.6,91.2,95.4,(±2.1),939,NaN,89.1,85.7,91.7,(±3),893,NaN
Region  8,87.7,85.3,89.7,(±2.2),1888,NaN,NaN,90.9,88.9,92.6,(±1.8),1849,NaN,NaN,91.7,89.3,93.5,(±2.1),1633,NaN,NaN,87.8,84.7,90.3,(±2.8),1631,NaN,NaN,90.9,88.5,92.8,(±2.1),1714,NaN,NaN,91.8,89.4,93.7,(±2.2),1594,NaN,NaN,90.1,86.6,92.7,(±3),1626,NaN,NaN,91.3,88.6,93.4,(±2.4),1536,NaN,NaN,91.1,87.8,93.6,(±2.9),1638,NaN,NaN,87.8,84.0,90.9,(±3.4),1593,NaN,NaN,88.3,85.7,90.4,(±2.4),1746,NaN,88.8,85.6,91.3,(±2.9),1874,NaN,NaN,90.2,87.1,92.6,(±2.7),1637,NaN,NaN,89.2,86.2,91.6,(±2.7),1424,NaN,88.3,84.9,91.1,(±3.1),1554,NaN,NaN,91.8,89.2,93.8,(±2.3),1416,NaN,NaN,89.0,85.8,91.5,(±2.8),1453,NaN,89.0,86.2,91.2,(±2.5),1462,NaN
Region  9,89.3,86.4,91.6,(±2.6),2445,NaN,NaN,90.3,88.0,92.3,(±2.1),2435,NaN,NaN,90.3,87.7,92.4,(±2.3),2209,NaN,NaN,92.5,90.2,94.3,(±2),2261,NaN,NaN,92.9,90.9,94.4,(±1.7),2386,NaN,NaN,90.9,88.5,92.8,(±2.1),1790,NaN,NaN,91.6,89.2,93.6,(±2.2),2536,NaN,NaN,93.4,91.1,95.1,(±2),1721,NaN,NaN,92.4,89.8,94.4,(±2.3),1709,NaN,NaN,89.6,86.3,92.3,(±3),1244,NaN,NaN,90.6,87.5,93.1,(±2.8),1262,NaN,90.5,87.0,93.1,(±3.0),1288,NaN,NaN,91.1,87.1,94.0,(±3.4),1141,NaN,NaN,90.8,85.7,94.2,(±4.2),1078,NaN,89.7,85.2,92.9,(±3.8),1139,NaN,NaN,92.6,88.8,95.2,(±3.1),1086,NaN,NaN,89.2,84.1,92.9,(±4.3),1026,NaN,92.7,88.0,95.6,(±3.7),1060,NaN
Region 10,89.3,87.3,91.0,(±1.9),1493,NaN,NaN,87.9,85.4,90.1,(±2.3),1509,NaN,NaN,88.3,86.0,90.3,(±2.2),1390,NaN,NaN,92.9,90.8,94.5,(±1.9),1373,NaN,NaN,92.5,90.5,94.1,(±1.8),1419,NaN,NaN,87.7,84.9,90.1,(±2.6),1013,NaN,NaN,87.8,85.3,89.9,(±2.3),1348,NaN,NaN,89.4,86.5,91.8,(±2.6),1066,NaN,NaN,90.6,88.0,92.6,(±2.3),1186,NaN,NaN,89.3,87.0,91.3,(±2.1),1187,NaN,NaN,90.2,87.7,92.2,(±2.2),1240,NaN,89.8,86.7,92.2,(±2.7),1151,NaN,NaN,86.8,83.0,89.8,(±3.4),1139,NaN,NaN,91.9,89.0,94.0,(±2.5),1029,NaN,86.7,82.5,90.0,(±3.8),988,NaN,NaN,94.1,92.0,95.7,(±1.8),1005,NaN,NaN,89.2,86.2,91.6,(±2.7),1089,NaN,89.5,86.2,92.1,(±2.9),975,NaN
HP 2020 Target,90.0,NaN,NaN,NaN,NaN,NaN,NaN,90.0,NaN,NaN,NaN,NaN,NaN,NaN,90.0,NaN,NaN,NaN,NaN,NaN,NaN,90.0,NaN,NaN,NaN,NaN,NaN,NaN,90.0,NaN,NaN,NaN,NaN,NaN,NaN,90.0,NaN,NaN,NaN,NaN,NaN,NaN,90.0,NaN,NaN,NaN,NaN,NaN,NaN,90.0,NaN,NaN,NaN,NaN,NaN,NaN,90.0,NaN,NaN,NaN,NaN,NaN,NaN,90.0,NaN,NaN,NaN,NaN,NaN,NaN,90.0,NaN,NaN,NaN,NaN,NaN,90.0,NaN,NaN,NaN,NaN,NaN,NaN,90.0,NaN,NaN,NaN,NaN,NaN,NaN,90.0,NaN,NaN,NaN,NaN,NaN,90.0,NaN,NaN,NaN,NaN,NaN,NaN,90.0,NaN,NaN,NaN,NaN,NaN,NaN,90.0,NaN,NaN,NaN,NaN,NaN,90.0,NaN,NaN,NaN,NaN,NaN